duplicate_group_id,document_id,duplicate_type,compared_document_id,sha256_match,recommended_action,notes
EXACT-0005333ee0a6,GDL-0fee367e8563,exact_duplicate,GDL-0fee367e8563,True,논리 버전 하나로 연결하고 출처 발생 경로 보존,sources/raw/guidelines/sources/university_guidelines/current/의왕생활관/GUIDE-28D123720567_의왕생활관 관생선발지침/관생선발지침(2020.03.04.개정).hwp
EXACT-0005333ee0a6,GDL-0fee367e8563,exact_duplicate,GDL-0fee367e8563,True,논리 버전 하나로 연결하고 출처 발생 경로 보존,sources/raw/guidelines/sources/university_guidelines/archive/GUIDE-28D123720567/versions/2020-03-04_1036852/full_text/관생선발지침(2020.03.04.개정).hwp
EXACT-0058e61d56df,GDL-343e3affdf72,exact_duplicate,GDL-343e3affdf72,True,논리 버전 하나로 연결하고 출처 발생 경로 보존,sources/raw/guidelines/sources/university_guidelines/archive/GUIDE-7E539D053E6C/versions/2024-06-14_1070722/full_text/국립한국교통대학교 교양교육과정 편성지침(2024.6.14. 지침 제555호).hwp
EXACT-01e88007a343,GDL-90f9dfe2a532,exact_duplicate,GDL-90f9dfe2a532,True,논리 버전 하나로 연결하고 출처 발생 경로 보존,sources/raw/guidelines/sources/university_guidelines/archive/GUIDE-94522F6E00DC/versions/2021-06-04_1042854/full_text/한국교통대학교 연구소 설립 운영에 관한 지침.hwp
EXACT-027c02c7d973,GDL-d795ba5c8eb7,exact_duplicate,GDL-d795ba5c8eb7,True,논리 버전 하나로 연결하고 출처 발생 경로 보존,sources/raw/guidelines/sources/university_guidelines/archive/GUIDE-0569F1E586C1/versions/2020-12-14_1037928/amendment_reason/개정사유 및 신ㆍ구조문 대비표.hwp
EXACT-027d4ed6214d,GDL-3acb1286400e,exact_duplicate,GDL-3acb1286400e,True,논리 버전 하나로 연결하고 출처 발생 경로 보존,sources/raw/guidelines/sources/university_guidelines/current/학생상담센터/GUIDE-409D5D8D3740_학생상담센터 객원 상담원 운영 지침 알림/붙임. 한국교통대학교 학생상담센터 객원 상담원 운영 지침.hwp
EXACT-027d4ed6214d,GDL-3acb1286400e,exact_duplicate,GDL-3acb1286400e,True,논리 버전 하나로 연결하고 출처 발생 경로 보존,sources/raw/guidelines/sources/university_guidelines/archive/GUIDE-409D5D8D3740/versions/2023-06-10_1061471/full_text/붙임. 한국교통대학교 학생상담센터 객원 상담원 운영 지침.hwp
EXACT-0306e2f81649,GDL-cb5f0811e328,exact_duplicate,GDL-cb5f0811e328,True,논리 버전 하나로 연결하고 출처 발생 경로 보존,sources/raw/guidelines/sources/university_guidelines/current/IR센터/GUIDE-4FA02A67E125_IR센터 운영 지침/국립한국교통대학교 IR센터 운영지침.hwp
EXACT-0306e2f81649,GDL-cb5f0811e328,exact_duplicate,GDL-cb5f0811e328,True,논리 버전 하나로 연결하고 출처 발생 경로 보존,sources/raw/guidelines/sources/university_guidelines/archive/GUIDE-4FA02A67E125/versions/2025-06-18_1080183/full_text/국립한국교통대학교 IR센터 운영지침.hwp
EXACT-032cdee1dbb9,GDL-7c4d8ed7f6bf,exact_duplicate,GDL-7c4d8ed7f6bf,True,논리 버전 하나로 연결하고 출처 발생 경로 보존,sources/raw/guidelines/sources/university_guidelines/current/생활관/GUIDE-521DDD11C144_생활관 통합 운영 및 안전관리 지침/한국교통대학교 생활관 통합 운영 및 안전관리 지침.hwp
EXACT-032cdee1dbb9,GDL-7c4d8ed7f6bf,exact_duplicate,GDL-7c4d8ed7f6bf,True,논리 버전 하나로 연결하고 출처 발생 경로 보존,sources/raw/guidelines/sources/university_guidelines/archive/GUIDE-521DDD11C144/versions/2020-08-26_1035178/full_text/한국교통대학교 생활관 통합 운영 및 안전관리 지침.hwp
EXACT-03fde0bb2acb,GDL-1cb62403f911,exact_duplicate,GDL-1cb62403f911,True,논리 버전 하나로 연결하고 출처 발생 경로 보존,sources/raw/guidelines/sources/university_guidelines/archive/GUIDE-40B3417856BD/versions/2023-10-18_1064192/full_text/한국교통대학교 공무원 인사 지침(2023.10.18.자 공포 지침제506호).hwp
EXACT-042afaedefa1,GDL-e4f7344f8716,exact_duplicate,GDL-e4f7344f8716,True,논리 버전 하나로 연결하고 출처 발생 경로 보존,sources/raw/guidelines/sources/university_guidelines/archive/GUIDE-801125AD540F/versions/2024-01-29_1066704/other/강의관리지침 일부개정(안)(제522호 2024.1.29).hwp
EXACT-04d81e599155,GDL-fa4e6c45fa6c,exact_duplicate,GDL-fa4e6c45fa6c,True,논리 버전 하나로 연결하고 출처 발생 경로 보존,sources/raw/guidelines/sources/university_guidelines/archive/GUIDE-577F3162A077/versions/2021-10-15_1045912/other/한국교통대학교 국립대학 육성사업 관리 운영 지침 일부개정(2021.10.15. 지침 제391호).hwp
EXACT-0576afa965ab,GDL-51580326b137,exact_duplicate,GDL-51580326b137,True,논리 버전 하나로 연결하고 출처 발생 경로 보존,sources/raw/guidelines/sources/university_guidelines/archive/GUIDE-7EA6933A9DFD/versions/2021-06-08_1042923/other/조교 성과급 지급 지침 일부개정(2021.6.7. 제371호).hwp
EXACT-05d3f22493b7,GDL-f2f8b1295412,exact_duplicate,GDL-f2f8b1295412,True,논리 버전 하나로 연결하고 출처 발생 경로 보존,sources/raw/guidelines/sources/university_guidelines/archive/GUIDE-D2124BB316B4/versions/2024-02-22_1067364/full_text/한국교통대학교 학생자치기구 선거 시행세칙 전문(2024.02.22.).hwp
EXACT-05eea1d9a093,GDL-1cb62403f911,exact_duplicate,GDL-1cb62403f911,True,논리 버전 하나로 연결하고 출처 발생 경로 보존,sources/raw/guidelines/sources/university_guidelines/archive/GUIDE-40B3417856BD/versions/2024-11-29_1075343/full_text/국립한국교통대학교 공무원 인사지침(지침 제578호).hwp
EXACT-062f8ca24d10,GDL-b784a269717a,exact_duplicate,GDL-b784a269717a,True,논리 버전 하나로 연결하고 출처 발생 경로 보존,sources/raw/guidelines/sources/university_guidelines/archive/GUIDE-911CEE87686F/versions/2018-04-23_1016744/other/한국교통대학교 교직원 행동강령(2018.4.23.시행).hwp
EXACT-067512344aba,GDL-b2e69b89f754,exact_duplicate,GDL-b2e69b89f754,True,논리 버전 하나로 연결하고 출처 발생 경로 보존,sources/raw/guidelines/sources/university_guidelines/archive/GUIDE-85D7B765E265/versions/2018-09-13_1019241/full_text/전임교원 강의책임시간 감면지침.hwp
EXACT-0695667a5b8c,GDL-c44a286d7da0,exact_duplicate,GDL-c44a286d7da0,True,논리 버전 하나로 연결하고 출처 발생 경로 보존,sources/raw/guidelines/sources/university_guidelines/current/취업창업지원과/GUIDE-2572C6E2192D_산학협동교육 운영에 관한 지침 2016 0216/산학협동교육 운영에 관한 지침(2016 0216).hwp
EXACT-0695667a5b8c,GDL-c44a286d7da0,exact_duplicate,GDL-c44a286d7da0,True,논리 버전 하나로 연결하고 출처 발생 경로 보존,sources/raw/guidelines/sources/university_guidelines/archive/GUIDE-2572C6E2192D/versions/2016-02-01_5114/full_text/산학협동교육 운영에 관한 지침(2016 0216).hwp
EXACT-06c827acebcd,GDL-412facc66d0c,exact_duplicate,GDL-412facc66d0c,True,논리 버전 하나로 연결하고 출처 발생 경로 보존,sources/raw/guidelines/sources/university_guidelines/current/산학협력단/GUIDE-066C9D147E50_산학협력단 학술연구논문게재 등 지원지침/3.학술연구(논문게재-등)지원지침[1].pdf
EXACT-06c827acebcd,GDL-412facc66d0c,exact_duplicate,GDL-412facc66d0c,True,논리 버전 하나로 연결하고 출처 발생 경로 보존,sources/raw/guidelines/sources/university_guidelines/archive/GUIDE-066C9D147E50/versions/2017-02-25_5133/full_text/3.학술연구(논문게재-등)지원지침[1].pdf
EXACT-06de0a9a0b58,GDL-de27d4f0d61c,exact_duplicate,GDL-de27d4f0d61c,True,논리 버전 하나로 연결하고 출처 발생 경로 보존,sources/raw/guidelines/sources/university_guidelines/current/T-SAFE사업단/GUIDE-4DA9173D4A4D_IPP형 일학습병행제 운영 지침/IPP형 일학습병행제 운영 지침.hwp
EXACT-06de0a9a0b58,GDL-de27d4f0d61c,exact_duplicate,GDL-de27d4f0d61c,True,논리 버전 하나로 연결하고 출처 발생 경로 보존,sources/raw/guidelines/sources/university_guidelines/archive/GUIDE-4DA9173D4A4D/versions/2018-02-01_1025842/full_text/IPP형 일학습병행제 운영 지침.hwp
EXACT-07773efb8ee2,GDL-bbca8db513dc,exact_duplicate,GDL-bbca8db513dc,True,논리 버전 하나로 연결하고 출처 발생 경로 보존,"sources/raw/guidelines/sources/university_guidelines/current/학생과/GUIDE-232FE900D5A7_보건실 운영 지침 ,/호한국교통대학교 보건실 운영 지침(제377호).hwp"
EXACT-07773efb8ee2,GDL-bbca8db513dc,exact_duplicate,GDL-bbca8db513dc,True,논리 버전 하나로 연결하고 출처 발생 경로 보존,sources/raw/guidelines/sources/university_guidelines/archive/GUIDE-232FE900D5A7/versions/2021-06-23_1043339/full_text/호한국교통대학교 보건실 운영 지침(제377호).hwp
EXACT-07c68bcd4f6f,GDL-48778f914b35,exact_duplicate,GDL-48778f914b35,True,논리 버전 하나로 연결하고 출처 발생 경로 보존,sources/raw/guidelines/sources/university_guidelines/archive/GUIDE-6BBEE6543AB2/versions/2019-11-05_1028267/comparison_table/총학생회 회칙_신구조문 대비표.hwp
EXACT-0853f33aa619,GDL-c1e3e6bf93e7,exact_duplicate,GDL-c1e3e6bf93e7,True,논리 버전 하나로 연결하고 출처 발생 경로 보존,sources/raw/guidelines/sources/university_guidelines/archive/GUIDE-51C0961F9EE0/versions/2020-07-16_1034082/full_text/한국교통대학교 대학혁신지원사업 관리 운영 지침(2020.07.16. 지침 제276호).hwp
EXACT-08bb21b52119,GDL-48778f914b35,exact_duplicate,GDL-48778f914b35,True,논리 버전 하나로 연결하고 출처 발생 경로 보존,sources/raw/guidelines/sources/university_guidelines/archive/GUIDE-6BBEE6543AB2/versions/2026-02-02_1086138/amendment_reason/개정사유(국립한국교통대학교 총학생회 회칙)_20260202.hwp
EXACT-08d5154e53c6,GDL-58f23ff8ca5c,exact_duplicate,GDL-58f23ff8ca5c,True,논리 버전 하나로 연결하고 출처 발생 경로 보존,sources/raw/guidelines/sources/university_guidelines/archive/GUIDE-706FDF5F2655/versions/2023-01-10_1058125/other/총장임용입후보자 연구진실성 검증을 위한 조사위원회 구성 및 운영에 관한 세칙 일부개정.hwp
EXACT-095dcb167194,GDL-ce9aed29331a,exact_duplicate,GDL-ce9aed29331a,True,논리 버전 하나로 연결하고 출처 발생 경로 보존,sources/raw/guidelines/sources/university_guidelines/current/학사관리과/GUIDE-3320B10D302B_학생 지도교수제 운영 지침 일부/학생 지도교수제 운영 지침 (개정 2020.10.26. 지침 제304호).hwp
EXACT-095dcb167194,GDL-ce9aed29331a,exact_duplicate,GDL-ce9aed29331a,True,논리 버전 하나로 연결하고 출처 발생 경로 보존,sources/raw/guidelines/sources/university_guidelines/archive/GUIDE-3320B10D302B/versions/2020-10-26_1036729/full_text/학생 지도교수제 운영 지침 (개정 2020.10.26. 지침 제304호).hwp
EXACT-09a2124c7ea6,GDL-33f7ca2c2d3e,exact_duplicate,GDL-33f7ca2c2d3e,True,논리 버전 하나로 연결하고 출처 발생 경로 보존,sources/raw/guidelines/sources/university_guidelines/archive/GUIDE-7E193B1C5860/versions/2015-04-21_5083/full_text/사회봉사활동 학점 인정 지침.hwp
EXACT-09e06fa85da6,GDL-2fbe2f0ce247,exact_duplicate,GDL-2fbe2f0ce247,True,논리 버전 하나로 연결하고 출처 발생 경로 보존,sources/raw/guidelines/sources/university_guidelines/current/증평생활관/GUIDE-081D60B1A8A5_증평생활관 관생생활수칙/증평생활관 관생생활수칙.hwp
EXACT-09e06fa85da6,GDL-2fbe2f0ce247,exact_duplicate,GDL-2fbe2f0ce247,True,논리 버전 하나로 연결하고 출처 발생 경로 보존,sources/raw/guidelines/sources/university_guidelines/archive/GUIDE-081D60B1A8A5/versions/2024-08-01_1072213/other/증평생활관 관생생활수칙.hwp
EXACT-0a015b726ad6,GDL-5a0266d9412d,exact_duplicate,GDL-5a0266d9412d,True,논리 버전 하나로 연결하고 출처 발생 경로 보존,sources/raw/guidelines/sources/university_guidelines/current/기획과/GUIDE-070681CEBC0E_지역사회와 상생협력 및 공동발전에 관한 지침/20170501_지역사회와 상생협력 및 공동발전에 관한 지침[1].hwp
EXACT-0a015b726ad6,GDL-5a0266d9412d,exact_duplicate,GDL-5a0266d9412d,True,논리 버전 하나로 연결하고 출처 발생 경로 보존,sources/raw/guidelines/sources/university_guidelines/archive/GUIDE-070681CEBC0E/versions/2017-05-01_1008364/full_text/20170501_지역사회와 상생협력 및 공동발전에 관한 지침[1].hwp
EXACT-0ad8a3165e6f,GDL-e990c0096dda,exact_duplicate,GDL-e990c0096dda,True,논리 버전 하나로 연결하고 출처 발생 경로 보존,sources/raw/guidelines/sources/university_guidelines/current/교무과/GUIDE-C4EF01B3A195_교원 성과급적 연봉제 및 교원 업적평가 운영지침 24.7.30/국립한국교통대학교 교원 성과급적 연봉제 및 교원 업적평가 운영지침(24.7.30. 지침 제565호).hwp
EXACT-0ad8a3165e6f,GDL-e990c0096dda,exact_duplicate,GDL-e990c0096dda,True,논리 버전 하나로 연결하고 출처 발생 경로 보존,sources/raw/guidelines/sources/university_guidelines/archive/GUIDE-C4EF01B3A195/versions/2024-07-31_1072032/full_text/국립한국교통대학교 교원 성과급적 연봉제 및 교원 업적평가 운영지침(24.7.30. 지침 제565호).hwp
EXACT-0b10d828aff6,GDL-def4cb27d978,exact_duplicate,GDL-def4cb27d978,True,논리 버전 하나로 연결하고 출처 발생 경로 보존,sources/raw/guidelines/sources/university_guidelines/archive/GUIDE-19AA0C0541F0/versions/2021-09-02_1044832/full_text/한국교통대학교 정책연구과제 관리 지침 전부개정(안).hwp
EXACT-0b42929e644e,GDL-b94734397f62,exact_duplicate,GDL-b94734397f62,True,논리 버전 하나로 연결하고 출처 발생 경로 보존,sources/raw/guidelines/sources/university_guidelines/current/교무과/GUIDE-126ADF79FD69_공무국외여행 심사지침/붙임3_공포문_공무국외여행심사지침 폐지.hwp
EXACT-0b42929e644e,GDL-b94734397f62,exact_duplicate,GDL-b94734397f62,True,논리 버전 하나로 연결하고 출처 발생 경로 보존,sources/raw/guidelines/sources/university_guidelines/archive/GUIDE-126ADF79FD69/versions/2017-11-20_1012208/full_text/붙임3_공포문_공무국외여행심사지침 폐지.hwp
EXACT-0b6b632b0703,GDL-8b91707d85dd,exact_duplicate,GDL-8b91707d85dd,True,논리 버전 하나로 연결하고 출처 발생 경로 보존,sources/raw/guidelines/sources/university_guidelines/archive/GUIDE-ED07F00EEE2E/versions/2020-09-29_1035914/other/원격수업 운영지침 일부개정(2020. 9. 29. 제299호).hwp
EXACT-0b6ec5e4a3a9,GDL-014864517d11,exact_duplicate,GDL-014864517d11,True,논리 버전 하나로 연결하고 출처 발생 경로 보존,sources/raw/guidelines/sources/university_guidelines/current/장애학생지원센터/GUIDE-256A4E286296_장애학생 학점등록제 운영 지침/장애학생 학점등록제 운영 지침.hwp
EXACT-0b6ec5e4a3a9,GDL-014864517d11,exact_duplicate,GDL-014864517d11,True,논리 버전 하나로 연결하고 출처 발생 경로 보존,sources/raw/guidelines/sources/university_guidelines/archive/GUIDE-256A4E286296/versions/2024-07-10_1071417/full_text/장애학생 학점등록제 운영 지침.hwp
EXACT-0b7a692094a9,GDL-ac0f14063c5a,exact_duplicate,GDL-ac0f14063c5a,True,논리 버전 하나로 연결하고 출처 발생 경로 보존,sources/raw/guidelines/sources/university_guidelines/archive/GUIDE-AEA00C225CDC/versions/2017-04-20_1007950/full_text/한국교통대학교 전임교원 신규채용 전형지침_20170420_지침제114호.hwp
EXACT-0baa33d36f1e,GDL-bd2fb46667a7,exact_duplicate,GDL-bd2fb46667a7,True,논리 버전 하나로 연결하고 출처 발생 경로 보존,sources/raw/guidelines/sources/university_guidelines/archive/GUIDE-4F6ABD6A0FCB/versions/2021-06-04_1042853/full_text/한국교통대학교 연구비관리규정 세부시행지침.hwp
EXACT-0c201b77c88b,GDL-8c80f570ece4,exact_duplicate,GDL-8c80f570ece4,True,논리 버전 하나로 연결하고 출처 발생 경로 보존,sources/raw/guidelines/sources/university_guidelines/current/철도HRD센터/GUIDE-DF1FDBBAF040_철도HRD센터 운영 지침 일부/국립한국교통대학교 철도HRD센터 운영 지침 일부개정(안).hwp
EXACT-0c201b77c88b,GDL-8c80f570ece4,exact_duplicate,GDL-8c80f570ece4,True,논리 버전 하나로 연결하고 출처 발생 경로 보존,sources/raw/guidelines/sources/university_guidelines/archive/GUIDE-DF1FDBBAF040/versions/2025-04-17_1078893/other/국립한국교통대학교 철도HRD센터 운영 지침 일부개정(안).hwp
EXACT-0c42579d5851,GDL-9e444aafc07a,exact_duplicate,GDL-9e444aafc07a,True,논리 버전 하나로 연결하고 출처 발생 경로 보존,sources/raw/guidelines/sources/university_guidelines/archive/GUIDE-14C687D37715/versions/2016-11-28_5130/full_text/교원 성과급적연봉제 및 교원 업적평가 운영지침.hwp
EXACT-0ce923aaf346,GDL-8996d767d6e8,exact_duplicate,GDL-8996d767d6e8,True,논리 버전 하나로 연결하고 출처 발생 경로 보존,sources/raw/guidelines/sources/university_guidelines/archive/GUIDE-A171780FE5F6/versions/2016-11-07_5106/full_text/교육수요자 만족도 관리 지침 개정(2016.11.7 제106호).hwp
EXACT-0d37b4ceb74b,GDL-ff22eab74f58,exact_duplicate,GDL-ff22eab74f58,True,논리 버전 하나로 연결하고 출처 발생 경로 보존,sources/raw/guidelines/sources/university_guidelines/current/대학원/GUIDE-D549799BF765_대학원 장학 운영 지침/대학원 장학 운영 지침.hwp
EXACT-0d37b4ceb74b,GDL-ff22eab74f58,exact_duplicate,GDL-ff22eab74f58,True,논리 버전 하나로 연결하고 출처 발생 경로 보존,sources/raw/guidelines/sources/university_guidelines/archive/GUIDE-D549799BF765/versions/2019-12-02_1028782/full_text/대학원 장학 운영 지침.hwp
EXACT-0d901c723a7f,GDL-343e3affdf72,exact_duplicate,GDL-343e3affdf72,True,논리 버전 하나로 연결하고 출처 발생 경로 보존,sources/raw/guidelines/sources/university_guidelines/archive/GUIDE-7E539D053E6C/versions/2019-12-30_1029416/amendment_reason/개정사유 및 신구조문대비표.hwp
EXACT-0d95166f504c,GDL-6fb72e196639,exact_duplicate,GDL-6fb72e196639,True,논리 버전 하나로 연결하고 출처 발생 경로 보존,sources/raw/guidelines/sources/university_guidelines/current/산학혁신지원단/GUIDE-455F4866B490_특화산업별 산업체협업센터 ICC 운영 지침/한국교통대학교 특화산업별 산업체협업센터(ICC) 운영지침 일부개정 전문안.hwp
EXACT-0d95166f504c,GDL-6fb72e196639,exact_duplicate,GDL-6fb72e196639,True,논리 버전 하나로 연결하고 출처 발생 경로 보존,sources/raw/guidelines/sources/university_guidelines/archive/GUIDE-455F4866B490/versions/2021-02-18_1040101/full_text/한국교통대학교 특화산업별 산업체협업센터(ICC) 운영지침 일부개정 전문안.hwp
EXACT-0dd440e02a03,GDL-48778f914b35,exact_duplicate,GDL-48778f914b35,True,논리 버전 하나로 연결하고 출처 발생 경로 보존,sources/raw/guidelines/sources/university_guidelines/archive/GUIDE-6BBEE6543AB2/versions/2025-11-30_1084289/amendment_reason/개정사유(국립한국교통대학교 총학생회 회칙)20251130.hwp
EXACT-0e52876cb381,GDL-12dc17c1702e,exact_duplicate,GDL-12dc17c1702e,True,논리 버전 하나로 연결하고 출처 발생 경로 보존,sources/raw/guidelines/sources/university_guidelines/current/산학협력단/GUIDE-78C789A00BC9_SCI급 논문 영문교정 지원 지침/8-SCI급논문영문교정지원지침.hwp
EXACT-0e52876cb381,GDL-12dc17c1702e,exact_duplicate,GDL-12dc17c1702e,True,논리 버전 하나로 연결하고 출처 발생 경로 보존,sources/raw/guidelines/sources/university_guidelines/archive/GUIDE-78C789A00BC9/versions/2015-04-20_5068/full_text/8-SCI급논문영문교정지원지침.hwp
EXACT-0e95c88d2861,GDL-093759538124,exact_duplicate,GDL-093759538124,True,논리 버전 하나로 연결하고 출처 발생 경로 보존,sources/raw/guidelines/sources/university_guidelines/current/평생교육원의왕분원/GUIDE-81AF4B6BA95B_철도차량운전면허센터 운영지침/철도차량운전면허센터 운영지침 전문(13차 개정-제243호).hwp
EXACT-0e95c88d2861,GDL-093759538124,exact_duplicate,GDL-093759538124,True,논리 버전 하나로 연결하고 출처 발생 경로 보존,sources/raw/guidelines/sources/university_guidelines/archive/GUIDE-81AF4B6BA95B/versions/2020-01-02_1029643/full_text/철도차량운전면허센터 운영지침 전문(13차 개정-제243호).hwp
EXACT-0f0c4a66fdb3,GDL-be86f4cd3cbe,exact_duplicate,GDL-be86f4cd3cbe,True,논리 버전 하나로 연결하고 출처 발생 경로 보존,sources/raw/guidelines/sources/university_guidelines/archive/GUIDE-A280EC7C3BB8/versions/2021-12-07_1047443/other/'KNUT 글로벌 인재' 연수 프로그램 운영지침 일부개정.hwp
EXACT-11533831ac6a,GDL-f4a1b4b77180,exact_duplicate,GDL-f4a1b4b77180,True,논리 버전 하나로 연결하고 출처 발생 경로 보존,sources/raw/guidelines/sources/university_guidelines/current/제2행정실/GUIDE-04159B5799E9_대학원 교육조교 및 연구조교 운영 지침/한국교통대학교 대학원 교육조교 및 연구조교 운영 지침.hwp
EXACT-11533831ac6a,GDL-f4a1b4b77180,exact_duplicate,GDL-f4a1b4b77180,True,논리 버전 하나로 연결하고 출처 발생 경로 보존,sources/raw/guidelines/sources/university_guidelines/archive/GUIDE-04159B5799E9/versions/2022-02-25_1049911/full_text/한국교통대학교 대학원 교육조교 및 연구조교 운영 지침.hwp
EXACT-11a649eb3394,GDL-fb866888334d,exact_duplicate,GDL-fb866888334d,True,논리 버전 하나로 연결하고 출처 발생 경로 보존,sources/raw/guidelines/sources/university_guidelines/archive/GUIDE-44E52876592F/versions/2017-05-01_1008337/full_text/2. 교육연구학생지도 비용 지급에 관한 지침 개정.hwp
EXACT-1201f77cbdee,GDL-7de67b55727c,exact_duplicate,GDL-7de67b55727c,True,논리 버전 하나로 연결하고 출처 발생 경로 보존,sources/raw/guidelines/sources/university_guidelines/archive/GUIDE-69E031E39ED6/versions/2015-01-06_5112/full_text/2015.1.6 한국교통대학교 시설사용료 지침.hwp
EXACT-12301d73f241,GDL-cf67514debf1,exact_duplicate,GDL-cf67514debf1,True,논리 버전 하나로 연결하고 출처 발생 경로 보존,sources/raw/guidelines/sources/university_guidelines/archive/GUIDE-6219A7B1742B/versions/2015-04-20_5064/full_text/3-학술연구(논문게재등)지원지침(최종).hwp
EXACT-1280f7005ee2,GDL-fb866888334d,exact_duplicate,GDL-fb866888334d,True,논리 버전 하나로 연결하고 출처 발생 경로 보존,sources/raw/guidelines/sources/university_guidelines/archive/GUIDE-44E52876592F/versions/2016-05-13_5119/full_text/교육연구학생지도 비용 지급에 관한 지침(2016.5.13.).hwp
EXACT-12a8b038a2db,GDL-343e3affdf72,exact_duplicate,GDL-343e3affdf72,True,논리 버전 하나로 연결하고 출처 발생 경로 보존,sources/raw/guidelines/sources/university_guidelines/archive/GUIDE-7E539D053E6C/versions/2020-08-04_1034586/amendment_reason/개정사유 및 신구조문대비표.hwp
EXACT-132ac8478032,GDL-8b91707d85dd,exact_duplicate,GDL-8b91707d85dd,True,논리 버전 하나로 연결하고 출처 발생 경로 보존,sources/raw/guidelines/sources/university_guidelines/archive/GUIDE-ED07F00EEE2E/versions/2024-05-14_1069675/full_text/원격수업 운영지침(2024.5.14.제549호).hwp
EXACT-13c031351f3e,GDL-5dbe8ba19618,exact_duplicate,GDL-5dbe8ba19618,True,논리 버전 하나로 연결하고 출처 발생 경로 보존,sources/raw/guidelines/sources/university_guidelines/snapshots/smoke/current/학생과/GUIDE-962DB64BD98A_총학생회칙/국립한국교통대학교 총학생회칙 전문(2026.04.01.개정안).hwp
EXACT-13c031351f3e,GDL-5dbe8ba19618,exact_duplicate,GDL-5dbe8ba19618,True,논리 버전 하나로 연결하고 출처 발생 경로 보존,sources/raw/guidelines/sources/university_guidelines/snapshots/smoke/archive/GUIDE-962DB64BD98A/versions/2026-04-01_1121254/amendment_text/국립한국교통대학교 총학생회칙 전문(2026.04.01.개정안).hwp
EXACT-13c031351f3e,GDL-5dbe8ba19618,exact_duplicate,GDL-5dbe8ba19618,True,논리 버전 하나로 연결하고 출처 발생 경로 보존,sources/raw/guidelines/sources/university_guidelines/snapshots/smoke/archive/GUIDE-962DB64BD98A/versions/2026-04-01_1121254/full_text/국립한국교통대학교 총학생회칙 전문(2026.04.01.개정안).hwp
EXACT-13c031351f3e,GDL-5dbe8ba19618,exact_duplicate,GDL-5dbe8ba19618,True,논리 버전 하나로 연결하고 출처 발생 경로 보존,sources/raw/guidelines/sources/university_guidelines/raw/posts/1121254/attachments/국립한국교통대학교 총학생회칙 전문(2026.04.01.개정안).hwp
EXACT-13c031351f3e,GDL-5dbe8ba19618,exact_duplicate,GDL-5dbe8ba19618,True,논리 버전 하나로 연결하고 출처 발생 경로 보존,sources/raw/guidelines/sources/university_guidelines/current/학생과/GUIDE-962DB64BD98A_총학생회칙/국립한국교통대학교 총학생회칙 전문(2026.04.01.개정안).hwp
EXACT-13c031351f3e,GDL-5dbe8ba19618,exact_duplicate,GDL-5dbe8ba19618,True,논리 버전 하나로 연결하고 출처 발생 경로 보존,sources/raw/guidelines/sources/university_guidelines/archive/GUIDE-962DB64BD98A/versions/2026-04-01_1121254/full_text/국립한국교통대학교 총학생회칙 전문(2026.04.01.개정안).hwp
EXACT-144f2501dfc6,GDL-07549ddbcb07,exact_duplicate,GDL-07549ddbcb07,True,논리 버전 하나로 연결하고 출처 발생 경로 보존,sources/raw/guidelines/sources/university_guidelines/current/입학관리과/GUIDE-7ECA48C84DDA_학생부종합전형 운영 지침/학생부종합전형 운영 지침(2018.9.10.지침 제178호).hwp
EXACT-144f2501dfc6,GDL-07549ddbcb07,exact_duplicate,GDL-07549ddbcb07,True,논리 버전 하나로 연결하고 출처 발생 경로 보존,sources/raw/guidelines/sources/university_guidelines/archive/GUIDE-7ECA48C84DDA/versions/2018-09-10_1019153/full_text/학생부종합전형 운영 지침(2018.9.10.지침 제178호).hwp
EXACT-14510e152ca1,GDL-b2e69b89f754,exact_duplicate,GDL-b2e69b89f754,True,논리 버전 하나로 연결하고 출처 발생 경로 보존,sources/raw/guidelines/sources/university_guidelines/archive/GUIDE-85D7B765E265/versions/2025-03-14_1078006/other/국립한국교통대학교 전임교원 강의책임시간 감면 지침 일부개정.hwp
EXACT-14b35a5a9095,GDL-48778f914b35,exact_duplicate,GDL-48778f914b35,True,논리 버전 하나로 연결하고 출처 발생 경로 보존,sources/raw/guidelines/sources/university_guidelines/archive/GUIDE-6BBEE6543AB2/versions/2025-09-10_1082766/amendment_reason/개정사유(국립한국교통대학교 총학생회 회칙)20250910.hwp
EXACT-152a7318668f,GDL-3afd0a072385,exact_duplicate,GDL-3afd0a072385,True,논리 버전 하나로 연결하고 출처 발생 경로 보존,sources/raw/guidelines/sources/university_guidelines/current/학생과/GUIDE-1DEB586E6820_학생자치기구 선거 세칙/학생자치기구 선거 시행세칙_2019.11.5. 지침 제233호.hwp
EXACT-152a7318668f,GDL-3afd0a072385,exact_duplicate,GDL-3afd0a072385,True,논리 버전 하나로 연결하고 출처 발생 경로 보존,sources/raw/guidelines/sources/university_guidelines/archive/GUIDE-1DEB586E6820/versions/2019-11-05_1028266/full_text/학생자치기구 선거 시행세칙_2019.11.5. 지침 제233호.hwp
EXACT-1543917c2bb3,GDL-7a9021beb4ab,exact_duplicate,GDL-7a9021beb4ab,True,논리 버전 하나로 연결하고 출처 발생 경로 보존,sources/raw/guidelines/sources/university_guidelines/current/입학관리본부/GUIDE-6FA0CC19B730_대학원 학생포상지침/대학원 학생 포상지침(20150325).hwp
EXACT-1543917c2bb3,GDL-7a9021beb4ab,exact_duplicate,GDL-7a9021beb4ab,True,논리 버전 하나로 연결하고 출처 발생 경로 보존,sources/raw/guidelines/sources/university_guidelines/archive/GUIDE-6FA0CC19B730/versions/2015-04-23_5090/full_text/대학원 학생 포상지침(20150325).hwp
EXACT-15bf5d3c9190,GDL-dc7aac4fe2f4,exact_duplicate,GDL-dc7aac4fe2f4,True,논리 버전 하나로 연결하고 출처 발생 경로 보존,sources/raw/guidelines/sources/university_guidelines/current/총무과/GUIDE-99F491D14342_부정청탁 및 금품등 수수의 신고사무 처리지침/부정청탁 및 금품등 수수의 신고사무 처리지침(최종).hwp
EXACT-15bf5d3c9190,GDL-dc7aac4fe2f4,exact_duplicate,GDL-dc7aac4fe2f4,True,논리 버전 하나로 연결하고 출처 발생 경로 보존,sources/raw/guidelines/sources/university_guidelines/archive/GUIDE-99F491D14342/versions/2016-10-11_5123/full_text/부정청탁 및 금품등 수수의 신고사무 처리지침(최종).hwp
EXACT-15d23aa1fadc,GDL-e8477aea4b98,exact_duplicate,GDL-e8477aea4b98,True,논리 버전 하나로 연결하고 출처 발생 경로 보존,sources/raw/guidelines/sources/university_guidelines/archive/GUIDE-13540A8F5E3A/versions/2021-05-14_1042386/full_text/한국교통대학교 진로탐색학점제 운영 지침(2021.5.14. 지침 제362호).hwp
EXACT-16af78da0913,GDL-58f23ff8ca5c,exact_duplicate,GDL-58f23ff8ca5c,True,논리 버전 하나로 연결하고 출처 발생 경로 보존,sources/raw/guidelines/sources/university_guidelines/archive/GUIDE-706FDF5F2655/versions/2022-06-07_1052180/other/총장임용입후보자 연구진실성 검증을 위한 조사위원회 구성 및 운영에 관한 세칙 일부개정.hwp
EXACT-185807b76d57,GDL-67f31fdb7fc8,exact_duplicate,GDL-67f31fdb7fc8,True,논리 버전 하나로 연결하고 출처 발생 경로 보존,sources/raw/guidelines/sources/university_guidelines/archive/GUIDE-9419508E3700/versions/2021-02-17_1039998/full_text/[붙임1] 학과평가 지침 개정_제340호2021.02.17.hwp
EXACT-18a74520c3c8,GDL-c8bb0f2bbf5c,exact_duplicate,GDL-c8bb0f2bbf5c,True,논리 버전 하나로 연결하고 출처 발생 경로 보존,sources/raw/guidelines/sources/university_guidelines/archive/GUIDE-FC7E9F7CF515/versions/2024-07-10_1072172/full_text/의왕생활관 숙박시설 관리운영지침.hwp
EXACT-18c85f88673b,GDL-6e35a38b914e,exact_duplicate,GDL-6e35a38b914e,True,논리 버전 하나로 연결하고 출처 발생 경로 보존,sources/raw/guidelines/sources/university_guidelines/current/학생과/GUIDE-CD25B1229785_체육특기자 관리지침/국립한국교통대학교 체육특기자 관리지침(2025. 2. 3. 지침 제593호).hwp
EXACT-18c85f88673b,GDL-6e35a38b914e,exact_duplicate,GDL-6e35a38b914e,True,논리 버전 하나로 연결하고 출처 발생 경로 보존,sources/raw/guidelines/sources/university_guidelines/archive/GUIDE-CD25B1229785/versions/2025-02-03_1076959/full_text/국립한국교통대학교 체육특기자 관리지침(2025. 2. 3. 지침 제593호).hwp
EXACT-18f6ab384907,GDL-b2e69b89f754,exact_duplicate,GDL-b2e69b89f754,True,논리 버전 하나로 연결하고 출처 발생 경로 보존,sources/raw/guidelines/sources/university_guidelines/archive/GUIDE-85D7B765E265/versions/2024-09-19_1073734/other/국립한국교통대학교 전임교원 강의책임시간 감면 지침 일부개정.hwp
EXACT-1907791056d9,GDL-f0513d11780b,exact_duplicate,GDL-f0513d11780b,True,논리 버전 하나로 연결하고 출처 발생 경로 보존,sources/raw/guidelines/sources/university_guidelines/archive/GUIDE-DB05065263B2/versions/2024-12-24_1076015/full_text/2. 국립한국교통대학교 부서평가 지침(2024.12.24 지침 제584호).hwp
EXACT-1a1a1852b9d3,GDL-9c5d65a0be79,exact_duplicate,GDL-9c5d65a0be79,True,논리 버전 하나로 연결하고 출처 발생 경로 보존,sources/raw/guidelines/sources/university_guidelines/current/기획팀/GUIDE-385F6C417C8A_대학혁신지원사업 관리운영 지침/한국교통대학교 대학혁신지원사업 관리운영 지침(2019. 4. 4. 지침 제196호).hwp
EXACT-1a1a1852b9d3,GDL-9c5d65a0be79,exact_duplicate,GDL-9c5d65a0be79,True,논리 버전 하나로 연결하고 출처 발생 경로 보존,sources/raw/guidelines/sources/university_guidelines/archive/GUIDE-385F6C417C8A/versions/2019-04-04_1023947/full_text/한국교통대학교 대학혁신지원사업 관리운영 지침(2019. 4. 4. 지침 제196호).hwp
EXACT-1a89b452285e,GDL-cf67514debf1,exact_duplicate,GDL-cf67514debf1,True,논리 버전 하나로 연결하고 출처 발생 경로 보존,sources/raw/guidelines/sources/university_guidelines/archive/GUIDE-6219A7B1742B/versions/2016-04-08_5129/full_text/3.학술연구(논문게재-등)지원지침[1].pdf
EXACT-1a9e39750108,GDL-3cec9914ef63,exact_duplicate,GDL-3cec9914ef63,True,논리 버전 하나로 연결하고 출처 발생 경로 보존,sources/raw/guidelines/sources/university_guidelines/archive/GUIDE-9E6838E2A9C2/versions/2016-05-12_5110/full_text/한국교통대학교 해외어학연수 교과목 운영 지침.hwp
EXACT-1b24173bfadf,GDL-e4f7344f8716,exact_duplicate,GDL-e4f7344f8716,True,논리 버전 하나로 연결하고 출처 발생 경로 보존,sources/raw/guidelines/sources/university_guidelines/archive/GUIDE-801125AD540F/versions/2025-06-30_1080472/other/강의관리지침 일부개정(2025.6.30. 제621호).hwp
EXACT-1b4cf3e43624,GDL-6507d967331b,exact_duplicate,GDL-6507d967331b,True,논리 버전 하나로 연결하고 출처 발생 경로 보존,sources/raw/guidelines/sources/university_guidelines/current/입학관리본부/GUIDE-C0842D7D6A24_학석사 연계과정 운영지침/학석사 연계과정 운영지침(20120511).hwp
EXACT-1b4cf3e43624,GDL-6507d967331b,exact_duplicate,GDL-6507d967331b,True,논리 버전 하나로 연결하고 출처 발생 경로 보존,sources/raw/guidelines/sources/university_guidelines/archive/GUIDE-C0842D7D6A24/versions/2015-04-23_5092/full_text/학석사 연계과정 운영지침(20120511).hwp
EXACT-1b956da44f52,GDL-b2e69b89f754,exact_duplicate,GDL-b2e69b89f754,True,논리 버전 하나로 연결하고 출처 발생 경로 보존,sources/raw/guidelines/sources/university_guidelines/current/학사관리과/GUIDE-D990C8F20260_전임교원 강의책임시간 감면 지침 2023.9.7/한국교통대학교 전임교원 강의책임시간 감면 지침 일부개정(개정 2023.9.7.지침제498호)_.hwp
EXACT-1b956da44f52,GDL-b2e69b89f754,exact_duplicate,GDL-b2e69b89f754,True,논리 버전 하나로 연결하고 출처 발생 경로 보존,sources/raw/guidelines/sources/university_guidelines/archive/GUIDE-D990C8F20260/versions/2023-09-07_1064151/other/한국교통대학교 전임교원 강의책임시간 감면 지침 일부개정(개정 2023.9.7.지침제498호)_.hwp
EXACT-1b9f24a29113,GDL-ffb4c2e4f446,exact_duplicate,GDL-ffb4c2e4f446,True,논리 버전 하나로 연결하고 출처 발생 경로 보존,sources/raw/guidelines/sources/university_guidelines/archive/GUIDE-1A257791444A/versions/2020-06-25_1034525/full_text/충주생활관 숙박시설 관리운영 지침(2020.6.25 제269호).hwp
EXACT-1c217d0a0233,GDL-658bad392fb3,exact_duplicate,GDL-658bad392fb3,True,논리 버전 하나로 연결하고 출처 발생 경로 보존,sources/raw/guidelines/sources/university_guidelines/current/기획과/GUIDE-CA54E0CA8D63_대학교육미래전략위원회 운영지침 일부/한국교통대학교 대학교육미래전략위원회 운영지침 일부개정.hwp
EXACT-1c217d0a0233,GDL-658bad392fb3,exact_duplicate,GDL-658bad392fb3,True,논리 버전 하나로 연결하고 출처 발생 경로 보존,sources/raw/guidelines/sources/university_guidelines/archive/GUIDE-CA54E0CA8D63/versions/2023-05-03_1060595/other/한국교통대학교 대학교육미래전략위원회 운영지침 일부개정.hwp
EXACT-1c38c532fc76,GDL-343e3affdf72,exact_duplicate,GDL-343e3affdf72,True,논리 버전 하나로 연결하고 출처 발생 경로 보존,sources/raw/guidelines/sources/university_guidelines/archive/GUIDE-7E539D053E6C/versions/2016-12-30_5131/other/한국교통대학교 교양교육과정 편성지침 일부개정(2016.12.30).hwp
EXACT-1c946601227c,GDL-58f23ff8ca5c,exact_duplicate,GDL-58f23ff8ca5c,True,논리 버전 하나로 연결하고 출처 발생 경로 보존,sources/raw/guidelines/sources/university_guidelines/archive/GUIDE-706FDF5F2655/versions/2018-01-17_1013741/other/총장임용입후보자 연구진실성 검증을 위한 조사위원회 구성 및 운영에 관한 세칙 개정(제151호).hwp
EXACT-1cc64689073a,GDL-fb866888334d,exact_duplicate,GDL-fb866888334d,True,논리 버전 하나로 연결하고 출처 발생 경로 보존,sources/raw/guidelines/sources/university_guidelines/archive/GUIDE-44E52876592F/versions/2022-03-28_1050886/full_text/한국교통대학교 교육연구학생지도 비용 지급에 관한 지침(제417호2022.03.28.).hwp
EXACT-1d1274fb6102,GDL-e8477aea4b98,exact_duplicate,GDL-e8477aea4b98,True,논리 버전 하나로 연결하고 출처 발생 경로 보존,sources/raw/guidelines/sources/university_guidelines/current/취업성공지원과/GUIDE-13540A8F5E3A_진로탐색학점제 운영 지침/한국교통대학교 진로탐색학점제 운영 지침(2023.10.26. 지침 제508호).hwp
EXACT-1d1274fb6102,GDL-e8477aea4b98,exact_duplicate,GDL-e8477aea4b98,True,논리 버전 하나로 연결하고 출처 발생 경로 보존,sources/raw/guidelines/sources/university_guidelines/archive/GUIDE-13540A8F5E3A/versions/2023-10-26_1064635/full_text/한국교통대학교 진로탐색학점제 운영 지침(2023.10.26. 지침 제508호).hwp
EXACT-1d2159930b16,GDL-223b8e896d21,exact_duplicate,GDL-223b8e896d21,True,논리 버전 하나로 연결하고 출처 발생 경로 보존,sources/raw/guidelines/sources/university_guidelines/archive/GUIDE-5EFABBDC17E5/versions/2022-01-20_1048888/full_text/한국교통대학교 대학의 평생교육체제 지원 사업 운영 지침(홈페이지게시용).hwp
EXACT-1d90b820ab7b,GDL-e02007a14dde,exact_duplicate,GDL-e02007a14dde,True,논리 버전 하나로 연결하고 출처 발생 경로 보존,sources/raw/guidelines/sources/university_guidelines/current/취업창업지원과/GUIDE-0DE9E055F3CF_창업학점 교류제 운영 지침 2016 0216/창업학점 교류제 운영 지침(2016 0216).hwp
EXACT-1d90b820ab7b,GDL-e02007a14dde,exact_duplicate,GDL-e02007a14dde,True,논리 버전 하나로 연결하고 출처 발생 경로 보존,sources/raw/guidelines/sources/university_guidelines/archive/GUIDE-0DE9E055F3CF/versions/2016-02-01_5115/full_text/창업학점 교류제 운영 지침(2016 0216).hwp
EXACT-1da5b2531038,GDL-f56759a8472b,exact_duplicate,GDL-f56759a8472b,True,논리 버전 하나로 연결하고 출처 발생 경로 보존,sources/raw/guidelines/sources/university_guidelines/archive/GUIDE-24790342AF42/versions/2021-04-08_1041456/full_text/철도 교통관제 교육훈련기관 운영지침(폐지)제354호.hwp
EXACT-1f063e5b51c1,GDL-789d97e97b81,exact_duplicate,GDL-789d97e97b81,True,논리 버전 하나로 연결하고 출처 발생 경로 보존,sources/raw/guidelines/sources/university_guidelines/archive/GUIDE-2D53739039B7/versions/2015-04-21_5078/full_text/입학사정관제 운영지침.hwp
EXACT-1f89e8df524b,GDL-4accc43e7de4,exact_duplicate,GDL-4accc43e7de4,True,논리 버전 하나로 연결하고 출처 발생 경로 보존,sources/raw/guidelines/sources/university_guidelines/current/학생과/GUIDE-EF00A9DBC6A3_사회봉사단 운영지침 3차/한국교통대학교 사회봉사단 운영지침_3차개정(2023. 3. 8. 지침 제474호).hwp
EXACT-1f89e8df524b,GDL-4accc43e7de4,exact_duplicate,GDL-4accc43e7de4,True,논리 버전 하나로 연결하고 출처 발생 경로 보존,sources/raw/guidelines/sources/university_guidelines/archive/GUIDE-EF00A9DBC6A3/versions/2023-03-08_1059317/full_text/한국교통대학교 사회봉사단 운영지침_3차개정(2023. 3. 8. 지침 제474호).hwp
EXACT-1f9a2532f92a,GDL-48778f914b35,exact_duplicate,GDL-48778f914b35,True,논리 버전 하나로 연결하고 출처 발생 경로 보존,sources/raw/guidelines/sources/university_guidelines/archive/GUIDE-6BBEE6543AB2/versions/2025-04-01_1078475/amendment_reason/개정사유(국립한국교통대학교 총학생회 회칙).hwp
EXACT-1fd66c999b33,GDL-91becbc5dc49,exact_duplicate,GDL-91becbc5dc49,True,논리 버전 하나로 연결하고 출처 발생 경로 보존,sources/raw/guidelines/sources/university_guidelines/current/기업지원센터/GUIDE-E971F2C2CB49_기업지원센터 운영 지침/붙임. 한국교통대학교 기업지원센터 운영지침.hwp
EXACT-1fd66c999b33,GDL-91becbc5dc49,exact_duplicate,GDL-91becbc5dc49,True,논리 버전 하나로 연결하고 출처 발생 경로 보존,sources/raw/guidelines/sources/university_guidelines/archive/GUIDE-E971F2C2CB49/versions/2020-10-26_1036695/full_text/붙임. 한국교통대학교 기업지원센터 운영지침.hwp
EXACT-1fdc0f4bab1a,GDL-fcaa6ade333a,exact_duplicate,GDL-fcaa6ade333a,True,논리 버전 하나로 연결하고 출처 발생 경로 보존,sources/raw/guidelines/sources/university_guidelines/archive/GUIDE-73A8548227DB/versions/2018-06-12_1017507/full_text/4. SCI(E)급 논문 영문교정 지원지침 전문 180612 172호.hwp
EXACT-21a306327339,GDL-343e3affdf72,exact_duplicate,GDL-343e3affdf72,True,논리 버전 하나로 연결하고 출처 발생 경로 보존,sources/raw/guidelines/sources/university_guidelines/archive/GUIDE-7E539D053E6C/versions/2019-08-06_1026476/comparison_table/한국교통대학교 교양교육과정 편성지침 신구조문대비표.hwp
EXACT-21c8978cf99e,GDL-4d3c1a049157,exact_duplicate,GDL-4d3c1a049157,True,논리 버전 하나로 연결하고 출처 발생 경로 보존,sources/raw/guidelines/sources/university_guidelines/archive/GUIDE-11E30871B512/versions/2022-08-09_1053603/full_text/(제440호) 한국교통대학교 Bio-PRIDE 공유대학 공동교육과정 마이크로전공 운영 지침.hwp
EXACT-222ec623d8f4,GDL-284422c603f8,exact_duplicate,GDL-284422c603f8,True,논리 버전 하나로 연결하고 출처 발생 경로 보존,sources/raw/guidelines/sources/university_guidelines/current/총무과/GUIDE-CED175CC4B58_교직원 제안 운영지침/교직원 제안 운영지침_공포_20170905.hwp
EXACT-222ec623d8f4,GDL-284422c603f8,exact_duplicate,GDL-284422c603f8,True,논리 버전 하나로 연결하고 출처 발생 경로 보존,sources/raw/guidelines/sources/university_guidelines/archive/GUIDE-CED175CC4B58/versions/2017-09-05_1010946/full_text/교직원 제안 운영지침_공포_20170905.hwp
EXACT-22ef11fc89f9,GDL-b2e69b89f754,exact_duplicate,GDL-b2e69b89f754,True,논리 버전 하나로 연결하고 출처 발생 경로 보존,sources/raw/guidelines/sources/university_guidelines/current/학사관리과/GUIDE-489D1123DCFE_전임교원 강의 책임시간 감면 지침/전임교원 강의 책임시간 감면 지침 일부개정(제209호).hwp
EXACT-22ef11fc89f9,GDL-b2e69b89f754,exact_duplicate,GDL-b2e69b89f754,True,논리 버전 하나로 연결하고 출처 발생 경로 보존,sources/raw/guidelines/sources/university_guidelines/archive/GUIDE-489D1123DCFE/versions/2019-07-16_1025934/other/전임교원 강의 책임시간 감면 지침 일부개정(제209호).hwp
EXACT-22f8e972d270,GDL-82399b2bdfbe,exact_duplicate,GDL-82399b2bdfbe,True,논리 버전 하나로 연결하고 출처 발생 경로 보존,sources/raw/guidelines/sources/university_guidelines/current/학사관리과/GUIDE-24C7CC4C11C7_전임교원 강의 책임시간 감면 지침 일부/한국교통대학교 전임교원 강의 책임시간 감면 지침 일부개정(2021. 3. 8. 지침 제348호).hwp
EXACT-22f8e972d270,GDL-82399b2bdfbe,exact_duplicate,GDL-82399b2bdfbe,True,논리 버전 하나로 연결하고 출처 발생 경로 보존,sources/raw/guidelines/sources/university_guidelines/archive/GUIDE-24C7CC4C11C7/versions/2021-03-08_1041079/other/한국교통대학교 전임교원 강의 책임시간 감면 지침 일부개정(2021. 3. 8. 지침 제348호).hwp
EXACT-231abf2631ff,GDL-fd22c9b18b3e,exact_duplicate,GDL-fd22c9b18b3e,True,논리 버전 하나로 연결하고 출처 발생 경로 보존,sources/raw/guidelines/sources/university_guidelines/archive/GUIDE-144DF5D22A48/versions/2021-01-15_1039007/full_text/대학의 평생교육체제 지원 사업 운영 지침(제331호).hwp
EXACT-232370bb0460,GDL-fa4e6c45fa6c,exact_duplicate,GDL-fa4e6c45fa6c,True,논리 버전 하나로 연결하고 출처 발생 경로 보존,sources/raw/guidelines/sources/university_guidelines/current/기획과/GUIDE-E7A1342348A5_국립대학 육성사업 관리·운영 지침/국립한국교통대학교 국립대학 육성사업 관리 운영 지침.hwp
EXACT-232370bb0460,GDL-fa4e6c45fa6c,exact_duplicate,GDL-fa4e6c45fa6c,True,논리 버전 하나로 연결하고 출처 발생 경로 보존,sources/raw/guidelines/sources/university_guidelines/archive/GUIDE-E7A1342348A5/versions/2026-03-10_1086942/full_text/국립한국교통대학교 국립대학 육성사업 관리 운영 지침.hwp
EXACT-232dd6443f76,GDL-da2615e9c567,exact_duplicate,GDL-da2615e9c567,True,논리 버전 하나로 연결하고 출처 발생 경로 보존,sources/raw/guidelines/sources/university_guidelines/current/입학홍보과/GUIDE-7885026A319F_학생부종합전형 사정위원회 운영 지침/국립한국교통대학교 학생부종합전형 사정위원회 운영 지침 20230614.hwp
EXACT-232dd6443f76,GDL-da2615e9c567,exact_duplicate,GDL-da2615e9c567,True,논리 버전 하나로 연결하고 출처 발생 경로 보존,sources/raw/guidelines/sources/university_guidelines/archive/GUIDE-7885026A319F/versions/2023-06-14_1061440/full_text/국립한국교통대학교 학생부종합전형 사정위원회 운영 지침 20230614.hwp
EXACT-23781bf2c7ef,GDL-44896f4d6eed,exact_duplicate,GDL-44896f4d6eed,True,논리 버전 하나로 연결하고 출처 발생 경로 보존,sources/raw/guidelines/sources/university_guidelines/current/대학원/GUIDE-FDA400227570_학위논문대체과정 운영 지침/한국교통대학교 학위논문대체과정 운영 지침.hwp
EXACT-23781bf2c7ef,GDL-44896f4d6eed,exact_duplicate,GDL-44896f4d6eed,True,논리 버전 하나로 연결하고 출처 발생 경로 보존,sources/raw/guidelines/sources/university_guidelines/archive/GUIDE-FDA400227570/versions/2022-04-05_1051019/full_text/한국교통대학교 학위논문대체과정 운영 지침.hwp
EXACT-23a84ea344c1,GDL-d8699ba2b8eb,exact_duplicate,GDL-d8699ba2b8eb,True,논리 버전 하나로 연결하고 출처 발생 경로 보존,sources/raw/guidelines/sources/university_guidelines/current/기획과/GUIDE-54ACC4464462_중장기 발전계획에 관한 지침/한국교통대학교 중장기 발전계획에 관한 지침(제298호).hwp
EXACT-23a84ea344c1,GDL-d8699ba2b8eb,exact_duplicate,GDL-d8699ba2b8eb,True,논리 버전 하나로 연결하고 출처 발생 경로 보존,sources/raw/guidelines/sources/university_guidelines/archive/GUIDE-54ACC4464462/versions/2020-09-29_1035881/full_text/한국교통대학교 중장기 발전계획에 관한 지침(제298호).hwp
EXACT-2415fa551321,GDL-d795ba5c8eb7,exact_duplicate,GDL-d795ba5c8eb7,True,논리 버전 하나로 연결하고 출처 발생 경로 보존,sources/raw/guidelines/sources/university_guidelines/archive/GUIDE-0569F1E586C1/versions/2021-03-10_1040848/other/한국교통대학교 행정조직 팀제 운영지침 일부개정(2021.03.10. 지침 제349호).hwp
EXACT-2483f9d9bdd1,GDL-c3a1e938fa67,exact_duplicate,GDL-c3a1e938fa67,True,논리 버전 하나로 연결하고 출처 발생 경로 보존,sources/raw/guidelines/sources/university_guidelines/current/학사관리과/GUIDE-E6E2BC6899B7_연계전공 운영 및 이수 지침/연계전공 운영 및 이수 지침.hwp
EXACT-2483f9d9bdd1,GDL-c3a1e938fa67,exact_duplicate,GDL-c3a1e938fa67,True,논리 버전 하나로 연결하고 출처 발생 경로 보존,sources/raw/guidelines/sources/university_guidelines/archive/GUIDE-E6E2BC6899B7/versions/2017-09-08_1011055/full_text/연계전공 운영 및 이수 지침.hwp
EXACT-2490be205f21,GDL-82399b2bdfbe,exact_duplicate,GDL-82399b2bdfbe,True,논리 버전 하나로 연결하고 출처 발생 경로 보존,sources/raw/guidelines/sources/university_guidelines/archive/GUIDE-FBB497EA347E/versions/2020-02-18_1030845/other/한국교통대학교 전임교원 강의책임시간 감면 지침 일부개정(지침 제249호).hwp
EXACT-24c9bb4831a3,GDL-8ede76938993,exact_duplicate,GDL-8ede76938993,True,논리 버전 하나로 연결하고 출처 발생 경로 보존,sources/raw/guidelines/sources/university_guidelines/current/총무인사팀/GUIDE-B37A646C5F89_계약직원 관리지침/한국교통대학교 계약직원 관리지침 (2018. 9. 1. 지침 제174호).hwp
EXACT-24c9bb4831a3,GDL-8ede76938993,exact_duplicate,GDL-8ede76938993,True,논리 버전 하나로 연결하고 출처 발생 경로 보존,sources/raw/guidelines/sources/university_guidelines/archive/GUIDE-B37A646C5F89/versions/2018-09-01_1025622/full_text/한국교통대학교 계약직원 관리지침 (2018. 9. 1. 지침 제174호).hwp
EXACT-2516cf67d6f1,GDL-8f31749cd508,exact_duplicate,GDL-8f31749cd508,True,논리 버전 하나로 연결하고 출처 발생 경로 보존,sources/raw/guidelines/sources/university_guidelines/current/취업창업지원과/GUIDE-21E17C5256BC_산학협동교육 운영에 관한 지침/산학협동교육 운영에 관한 지침(2017.12.29. 제146호).hwp
EXACT-2516cf67d6f1,GDL-8f31749cd508,exact_duplicate,GDL-8f31749cd508,True,논리 버전 하나로 연결하고 출처 발생 경로 보존,sources/raw/guidelines/sources/university_guidelines/archive/GUIDE-21E17C5256BC/versions/2017-12-29_1013119/full_text/산학협동교육 운영에 관한 지침(2017.12.29. 제146호).hwp
EXACT-253b7b1ca7ee,GDL-f30d5db0226b,exact_duplicate,GDL-f30d5db0226b,True,논리 버전 하나로 연결하고 출처 발생 경로 보존,sources/raw/guidelines/sources/university_guidelines/current/학생상담센터/GUIDE-494A42056C76_객원 상담원 운영 지침/국립한국교통대학교 학생상담센터 객원 상담원 운영 지침(지침 제585호).hwp
EXACT-253b7b1ca7ee,GDL-f30d5db0226b,exact_duplicate,GDL-f30d5db0226b,True,논리 버전 하나로 연결하고 출처 발생 경로 보존,sources/raw/guidelines/sources/university_guidelines/archive/GUIDE-494A42056C76/versions/2024-12-26_1076106/full_text/국립한국교통대학교 학생상담센터 객원 상담원 운영 지침(지침 제585호).hwp
EXACT-25c9acb968a6,GDL-fa4e6c45fa6c,exact_duplicate,GDL-fa4e6c45fa6c,True,논리 버전 하나로 연결하고 출처 발생 경로 보존,sources/raw/guidelines/sources/university_guidelines/archive/GUIDE-577F3162A077/versions/2022-04-05_1050997/amendment_text/한국교통대학교 국립대학 육성사업 관리 운영 지침 전부개정안.hwp
EXACT-264c4ac5513b,GDL-a4fc39fe521d,exact_duplicate,GDL-a4fc39fe521d,True,논리 버전 하나로 연결하고 출처 발생 경로 보존,sources/raw/guidelines/sources/university_guidelines/archive/GUIDE-1066FC2DF196/versions/2020-06-25_1034524/full_text/충주생활관 관생선발에 관한 지침(2020.6.25 제268호).hwp
EXACT-26cc97a3572a,GDL-55ec12c3354d,exact_duplicate,GDL-55ec12c3354d,True,논리 버전 하나로 연결하고 출처 발생 경로 보존,sources/raw/guidelines/sources/university_guidelines/archive/GUIDE-83E3D40CA710/versions/2021-04-15_1041636/other/한국교통대학교 대학회계직원 인사운영 지침 일부개정(2021.4.15. 지침 제358호).hwp
EXACT-274020d26c77,GDL-8b91707d85dd,exact_duplicate,GDL-8b91707d85dd,True,논리 버전 하나로 연결하고 출처 발생 경로 보존,sources/raw/guidelines/sources/university_guidelines/current/학사관리과/GUIDE-ED07F00EEE2E_원격수업 운영지침/원격수업 운영지침 (개정 2023.4.4.지침478호).hwp
EXACT-274020d26c77,GDL-8b91707d85dd,exact_duplicate,GDL-8b91707d85dd,True,논리 버전 하나로 연결하고 출처 발생 경로 보존,sources/raw/guidelines/sources/university_guidelines/archive/GUIDE-ED07F00EEE2E/versions/2023-04-04_1059972/full_text/원격수업 운영지침 (개정 2023.4.4.지침478호).hwp
EXACT-27464ac293bf,GDL-f0513d11780b,exact_duplicate,GDL-f0513d11780b,True,논리 버전 하나로 연결하고 출처 발생 경로 보존,sources/raw/guidelines/sources/university_guidelines/archive/GUIDE-DB05065263B2/versions/2019-04-11_1024047/full_text/[붙임1] 한국교통대학교 부서평가 지침_20190411.hwp
EXACT-2772d1d10bc3,GDL-ae9c6836aa03,exact_duplicate,GDL-ae9c6836aa03,True,논리 버전 하나로 연결하고 출처 발생 경로 보존,sources/raw/guidelines/sources/university_guidelines/current/대학교육혁신원/GUIDE-10545FF5A13B_학습역량 비교과 프로그램 운영 지침/학습역량 비교과 프로그램 운영 지침(홈페이지).hwp
EXACT-2772d1d10bc3,GDL-ae9c6836aa03,exact_duplicate,GDL-ae9c6836aa03,True,논리 버전 하나로 연결하고 출처 발생 경로 보존,sources/raw/guidelines/sources/university_guidelines/archive/GUIDE-10545FF5A13B/versions/2021-02-22_1040592/full_text/학습역량 비교과 프로그램 운영 지침(홈페이지).hwp
EXACT-2825c173b1b7,GDL-8c80f570ece4,exact_duplicate,GDL-8c80f570ece4,True,논리 버전 하나로 연결하고 출처 발생 경로 보존,sources/raw/guidelines/sources/university_guidelines/archive/GUIDE-DF1FDBBAF040/versions/2025-04-17_1078893/amendment_reason/개정사유.hwp
EXACT-2c0e7da08a44,GDL-8e0c20955c69,exact_duplicate,GDL-8e0c20955c69,True,논리 버전 하나로 연결하고 출처 발생 경로 보존,"sources/raw/guidelines/sources/university_guidelines/current/총무과/GUIDE-05463166A023_공익신고 처리 및 신고자 보호 등에 관한 운영지침 알림 ,/한국교통대학교 공익신고 처리 및 신고자 보호 등에 관한 운영지침.hwp"
EXACT-2c0e7da08a44,GDL-8e0c20955c69,exact_duplicate,GDL-8e0c20955c69,True,논리 버전 하나로 연결하고 출처 발생 경로 보존,sources/raw/guidelines/sources/university_guidelines/archive/GUIDE-05463166A023/versions/2023-02-03_1058567/full_text/한국교통대학교 공익신고 처리 및 신고자 보호 등에 관한 운영지침.hwp
EXACT-2d44be599c00,GDL-7e24a4aea2f1,exact_duplicate,GDL-7e24a4aea2f1,True,논리 버전 하나로 연결하고 출처 발생 경로 보존,sources/raw/guidelines/sources/university_guidelines/current/충주생활관/GUIDE-1A257791444A_충주생활관 숙박시설 관리운영 지침/충주생활관 숙박시설 관리운영 지침(2024.1.11 지침 제516호).hwp
EXACT-2d44be599c00,GDL-7e24a4aea2f1,exact_duplicate,GDL-7e24a4aea2f1,True,논리 버전 하나로 연결하고 출처 발생 경로 보존,sources/raw/guidelines/sources/university_guidelines/archive/GUIDE-1A257791444A/versions/2024-01-11_1066311/full_text/충주생활관 숙박시설 관리운영 지침(2024.1.11 지침 제516호).hwp
EXACT-2d5677710a31,GDL-343e3affdf72,exact_duplicate,GDL-343e3affdf72,True,논리 버전 하나로 연결하고 출처 발생 경로 보존,sources/raw/guidelines/sources/university_guidelines/archive/GUIDE-7E539D053E6C/versions/2023-04-11_1060154/amendment_reason/개정사유 및 신구조문 대비표(교양교육과정 편성지침).hwp
EXACT-2da58ae5ffaa,GDL-6fb72e196639,exact_duplicate,GDL-6fb72e196639,True,논리 버전 하나로 연결하고 출처 발생 경로 보존,sources/raw/guidelines/sources/university_guidelines/archive/GUIDE-455F4866B490/versions/2020-09-17_1036656/full_text/붙임. 한국교통대학교 특화산업별 산업체협업센터(ICC) 운영지침.hwp
EXACT-2db3194b5f5c,GDL-5a8130e1fab5,exact_duplicate,GDL-5a8130e1fab5,True,논리 버전 하나로 연결하고 출처 발생 경로 보존,sources/raw/guidelines/sources/university_guidelines/current/교무과/GUIDE-3001FFAB8F01_재정지원사업 참여 학사조직 지원 등에 관한 지침/# 정부재정지원사업 참여 학사조직 지원 등에 관한 지침(공포문).hwp
EXACT-2db3194b5f5c,GDL-5a8130e1fab5,exact_duplicate,GDL-5a8130e1fab5,True,논리 버전 하나로 연결하고 출처 발생 경로 보존,sources/raw/guidelines/sources/university_guidelines/archive/GUIDE-3001FFAB8F01/versions/2020-12-29_1038346/full_text/# 정부재정지원사업 참여 학사조직 지원 등에 관한 지침(공포문).hwp
EXACT-2dc2347f28b7,GDL-ddc85ecec626,exact_duplicate,GDL-ddc85ecec626,True,논리 버전 하나로 연결하고 출처 발생 경로 보존,sources/raw/guidelines/sources/university_guidelines/archive/GUIDE-89ED9E4979D2/versions/2015-04-20_5058/full_text/전임교원 사외이사등 겸직에 관한 지침.hwp
EXACT-2dd0db103d03,GDL-aed855c1b5df,exact_duplicate,GDL-aed855c1b5df,True,논리 버전 하나로 연결하고 출처 발생 경로 보존,sources/raw/guidelines/sources/university_guidelines/current/기획과/GUIDE-F5F14FC3B207_대학교육 및 교육수요자 지원 프로그램 환류를 위한 업무처리 지침/대학교육 및 교육수요자 지원 프로그램 환류를 위한 업무처리 지침(2016.1.1. 제86호).hwp
EXACT-2dd0db103d03,GDL-aed855c1b5df,exact_duplicate,GDL-aed855c1b5df,True,논리 버전 하나로 연결하고 출처 발생 경로 보존,sources/raw/guidelines/sources/university_guidelines/archive/GUIDE-F5F14FC3B207/versions/2016-01-01_5103/full_text/대학교육 및 교육수요자 지원 프로그램 환류를 위한 업무처리 지침(2016.1.1. 제86호).hwp
EXACT-2e638653ceef,GDL-d3277ff19980,exact_duplicate,GDL-d3277ff19980,True,논리 버전 하나로 연결하고 출처 발생 경로 보존,sources/raw/guidelines/sources/university_guidelines/archive/GUIDE-013DFECC88F6/versions/2018-01-17_1013902/full_text/한국교통대학교 교육과정 편성지침.hwp
EXACT-2f1d2987cd71,GDL-f21a0f9a8b63,exact_duplicate,GDL-f21a0f9a8b63,True,논리 버전 하나로 연결하고 출처 발생 경로 보존,"sources/raw/guidelines/sources/university_guidelines/current/공동실험실습관/GUIDE-48C5BC1A8347_대외직명제 운영 지침 ,/제102호 대외직명제 운영 지침(알림).hwp"
EXACT-2f1d2987cd71,GDL-f21a0f9a8b63,exact_duplicate,GDL-f21a0f9a8b63,True,논리 버전 하나로 연결하고 출처 발생 경로 보존,sources/raw/guidelines/sources/university_guidelines/archive/GUIDE-48C5BC1A8347/versions/2016-10-06_5121/full_text/제102호 대외직명제 운영 지침(알림).hwp
EXACT-2f329b0cde79,GDL-ac0f14063c5a,exact_duplicate,GDL-ac0f14063c5a,True,논리 버전 하나로 연결하고 출처 발생 경로 보존,sources/raw/guidelines/sources/university_guidelines/archive/GUIDE-AEA00C225CDC/versions/2015-04-20_5060/full_text/한국교통대학교 전임교원 신규채용 전형지침_20150519.hwp
EXACT-2f3f3231dc4e,GDL-309d9ab0dc5a,exact_duplicate,GDL-309d9ab0dc5a,True,논리 버전 하나로 연결하고 출처 발생 경로 보존,sources/raw/guidelines/sources/university_guidelines/archive/GUIDE-A12FD1E1307D/versions/2019-05-14_1024654/comparison_table/졸업자격인증제 운영 지침 개정(신구조문대비표).hwp
EXACT-2f5c01e02f14,GDL-b2e69b89f754,exact_duplicate,GDL-b2e69b89f754,True,논리 버전 하나로 연결하고 출처 발생 경로 보존,sources/raw/guidelines/sources/university_guidelines/archive/GUIDE-85D7B765E265/versions/2015-08-28_5100/other/전임교원 강의책임시간 감면지침 일부개정(2015.8.28).hwp
EXACT-2fc47acd3a9c,GDL-343e3affdf72,exact_duplicate,GDL-343e3affdf72,True,논리 버전 하나로 연결하고 출처 발생 경로 보존,sources/raw/guidelines/sources/university_guidelines/archive/GUIDE-7E539D053E6C/versions/2024-12-31_1076185/full_text/국립한국교통대학교 교양교육과정 편성지침(2024.12.31. 지침 제587호).hwp
EXACT-318f93bbe43a,GDL-b4c2a1c2ac68,exact_duplicate,GDL-b4c2a1c2ac68,True,논리 버전 하나로 연결하고 출처 발생 경로 보존,sources/raw/guidelines/sources/university_guidelines/current/산학협력단/GUIDE-A7B459C18344_지식재산권에 관한 규정 시행지침/국립한국교통대학교 지식재산권에 관한 규정 시행지침(2023.12.21. 지침 제518호).hwp
EXACT-318f93bbe43a,GDL-b4c2a1c2ac68,exact_duplicate,GDL-b4c2a1c2ac68,True,논리 버전 하나로 연결하고 출처 발생 경로 보존,sources/raw/guidelines/sources/university_guidelines/archive/GUIDE-A7B459C18344/versions/2023-12-21_1065673/full_text/국립한국교통대학교 지식재산권에 관한 규정 시행지침(2023.12.21. 지침 제518호).hwp
EXACT-31d44a393168,GDL-a1a319d4b286,exact_duplicate,GDL-a1a319d4b286,True,논리 버전 하나로 연결하고 출처 발생 경로 보존,sources/raw/guidelines/sources/university_guidelines/archive/GUIDE-FB3F588A8AFC/versions/2015-04-20_5069/full_text/9-산학협력상지침.hwp
EXACT-31dd65954671,GDL-f2f8b1295412,exact_duplicate,GDL-f2f8b1295412,True,논리 버전 하나로 연결하고 출처 발생 경로 보존,sources/raw/guidelines/sources/university_guidelines/archive/GUIDE-D2124BB316B4/versions/2025-04-01_1078467/amendment_reason/개정사유(국립한국교통대학교 학생자치기구 선거 시행세칙).hwp
EXACT-32733ce07640,GDL-d795ba5c8eb7,exact_duplicate,GDL-d795ba5c8eb7,True,논리 버전 하나로 연결하고 출처 발생 경로 보존,sources/raw/guidelines/sources/university_guidelines/archive/GUIDE-0569F1E586C1/versions/2020-12-14_1037928/other/한국교통대학교 행정조직 팀제 운영지침 일부개정(2020.12.14. 지침 제318호).hwp
EXACT-32808fd90ce9,GDL-123a1df8db96,exact_duplicate,GDL-123a1df8db96,True,논리 버전 하나로 연결하고 출처 발생 경로 보존,sources/raw/guidelines/sources/university_guidelines/archive/GUIDE-3A17FC638960/versions/2016-03-07_5127/full_text/국제학술회의-참가경비-지원지침.pdf
EXACT-32e2c8521aad,GDL-48ba591d5864,exact_duplicate,GDL-48ba591d5864,True,논리 버전 하나로 연결하고 출처 발생 경로 보존,sources/raw/guidelines/sources/university_guidelines/archive/GUIDE-954441036B94/versions/2017-01-25_5105/full_text/사이버강좌 운영지침(2017.1.25).hwp
EXACT-3415e72c8982,GDL-ab80c302ea7b,exact_duplicate,GDL-ab80c302ea7b,True,논리 버전 하나로 연결하고 출처 발생 경로 보존,sources/raw/guidelines/sources/university_guidelines/current/의왕생활관/GUIDE-1C292ECD8FC6_의왕생활관 관생생활수칙/의왕생활관 관생생활수칙(2026.7.16. 지침 제664호).hwp
EXACT-3415e72c8982,GDL-ab80c302ea7b,exact_duplicate,GDL-ab80c302ea7b,True,논리 버전 하나로 연결하고 출처 발생 경로 보존,sources/raw/guidelines/sources/university_guidelines/archive/GUIDE-1C292ECD8FC6/versions/2026-07-16_1123256/full_text/의왕생활관 관생생활수칙(2026.7.16. 지침 제664호).hwp
EXACT-3485ed3e1aaa,GDL-0fee367e8563,exact_duplicate,GDL-0fee367e8563,True,논리 버전 하나로 연결하고 출처 발생 경로 보존,sources/raw/guidelines/sources/university_guidelines/archive/GUIDE-28D123720567/versions/2024-07-10_1072173/full_text/의왕생활관 관생선발지침.hwp
EXACT-352de4421315,GDL-85ea26f926f5,exact_duplicate,GDL-85ea26f926f5,True,논리 버전 하나로 연결하고 출처 발생 경로 보존,sources/raw/guidelines/sources/university_guidelines/current/학사관리과/GUIDE-1508BFF2B32D_교육과정 및 강의 관리 지침/교육과정및강의관리지침.hwp
EXACT-352de4421315,GDL-85ea26f926f5,exact_duplicate,GDL-85ea26f926f5,True,논리 버전 하나로 연결하고 출처 발생 경로 보존,sources/raw/guidelines/sources/university_guidelines/archive/GUIDE-1508BFF2B32D/versions/2017-06-12_1008834/full_text/교육과정및강의관리지침.hwp
EXACT-3664032b9c51,GDL-42080ca089c9,exact_duplicate,GDL-42080ca089c9,True,논리 버전 하나로 연결하고 출처 발생 경로 보존,"sources/raw/guidelines/sources/university_guidelines/current/취업성공지원과/GUIDE-919D9E57DA8B_K+상담이음 통합위원회 구성 및 운영지침 ,/한국교통대학교 K+상담이음 통합위원회 구성 및 운영지침 전부 개정(지침 제481호).hwp"
EXACT-3664032b9c51,GDL-42080ca089c9,exact_duplicate,GDL-42080ca089c9,True,논리 버전 하나로 연결하고 출처 발생 경로 보존,sources/raw/guidelines/sources/university_guidelines/archive/GUIDE-919D9E57DA8B/versions/2023-04-07_1060058/full_text/한국교통대학교 K+상담이음 통합위원회 구성 및 운영지침 전부 개정(지침 제481호).hwp
EXACT-36f779da539d,GDL-4cca76bcc4ce,exact_duplicate,GDL-4cca76bcc4ce,True,논리 버전 하나로 연결하고 출처 발생 경로 보존,sources/raw/guidelines/sources/university_guidelines/current/교무과/GUIDE-A6F09F22A73A_교육공무원 복무처리 요령/한국교통대학교 교육공무원 복무처리 요령(지침)_전문.hwp
EXACT-36f779da539d,GDL-4cca76bcc4ce,exact_duplicate,GDL-4cca76bcc4ce,True,논리 버전 하나로 연결하고 출처 발생 경로 보존,sources/raw/guidelines/sources/university_guidelines/archive/GUIDE-A6F09F22A73A/versions/2023-12-05_1065280/full_text/한국교통대학교 교육공무원 복무처리 요령(지침)_전문.hwp
EXACT-371ec79dc079,GDL-e5f92e30edf0,exact_duplicate,GDL-e5f92e30edf0,True,논리 버전 하나로 연결하고 출처 발생 경로 보존,sources/raw/guidelines/sources/university_guidelines/current/기획과/GUIDE-941117C1E843_미래위원회 운영지침/한국교통대학교 미래위원회 운영 지침(2021.03.17. 지침 제351호).hwp
EXACT-371ec79dc079,GDL-e5f92e30edf0,exact_duplicate,GDL-e5f92e30edf0,True,논리 버전 하나로 연결하고 출처 발생 경로 보존,sources/raw/guidelines/sources/university_guidelines/archive/GUIDE-941117C1E843/versions/2021-03-17_1041050/full_text/한국교통대학교 미래위원회 운영 지침(2021.03.17. 지침 제351호).hwp
EXACT-3743b5451f14,GDL-309d9ab0dc5a,exact_duplicate,GDL-309d9ab0dc5a,True,논리 버전 하나로 연결하고 출처 발생 경로 보존,sources/raw/guidelines/sources/university_guidelines/archive/GUIDE-A12FD1E1307D/versions/2019-05-14_1024654/full_text/졸업자격인증제 운영 지침 개정(지침).hwp
EXACT-379e81f5a4c6,GDL-cc6c7f3a04fa,exact_duplicate,GDL-cc6c7f3a04fa,True,논리 버전 하나로 연결하고 출처 발생 경로 보존,sources/raw/guidelines/sources/university_guidelines/current/산학협력단/GUIDE-B0BED12911DA_산학협력단 부속기관 설치 운영 지침/국립한국교통대학교 산학협력단 부속기관 설치·운영 지침-549호20240607.hwp
EXACT-379e81f5a4c6,GDL-cc6c7f3a04fa,exact_duplicate,GDL-cc6c7f3a04fa,True,논리 버전 하나로 연결하고 출처 발생 경로 보존,sources/raw/guidelines/sources/university_guidelines/archive/GUIDE-B0BED12911DA/versions/2024-06-07_1070476/full_text/국립한국교통대학교 산학협력단 부속기관 설치·운영 지침-549호20240607.hwp
EXACT-37bafe858f62,GDL-f2f8b1295412,exact_duplicate,GDL-f2f8b1295412,True,논리 버전 하나로 연결하고 출처 발생 경로 보존,sources/raw/guidelines/sources/university_guidelines/archive/GUIDE-D2124BB316B4/versions/2025-12-03_1084397/amendment_reason/개정사유(국립한국교통대학교 학생자치기구 선거 시행세칙).hwp
EXACT-37dd9da92dc6,GDL-a618fe71808a,exact_duplicate,GDL-a618fe71808a,True,논리 버전 하나로 연결하고 출처 발생 경로 보존,sources/raw/guidelines/sources/university_guidelines/current/입학관리과/GUIDE-C1B0F4B80772_학생부종합전형 공정성 확보시스템 운영 지침/학생부종합전형 공정성 확보시스템 운영 지침(2020.03.30.지침 제257호).hwp
EXACT-37dd9da92dc6,GDL-a618fe71808a,exact_duplicate,GDL-a618fe71808a,True,논리 버전 하나로 연결하고 출처 발생 경로 보존,sources/raw/guidelines/sources/university_guidelines/archive/GUIDE-C1B0F4B80772/versions/2020-03-30_1032070/full_text/학생부종합전형 공정성 확보시스템 운영 지침(2020.03.30.지침 제257호).hwp
EXACT-389ba131f7a5,GDL-4980f0d34003,exact_duplicate,GDL-4980f0d34003,True,논리 버전 하나로 연결하고 출처 발생 경로 보존,sources/raw/guidelines/sources/university_guidelines/current/공동실험실습관/GUIDE-1DBE15CDE2A1_공동실험실습관 기자재선정위원회 운영 지침/한국교통대학교 공동실험실습관 기자재선정위원회 운영 지침.hwp
EXACT-389ba131f7a5,GDL-4980f0d34003,exact_duplicate,GDL-4980f0d34003,True,논리 버전 하나로 연결하고 출처 발생 경로 보존,sources/raw/guidelines/sources/university_guidelines/archive/GUIDE-1DBE15CDE2A1/versions/2020-08-06_1034670/full_text/한국교통대학교 공동실험실습관 기자재선정위원회 운영 지침.hwp
EXACT-391e90a0abf9,GDL-67f31fdb7fc8,exact_duplicate,GDL-67f31fdb7fc8,True,논리 버전 하나로 연결하고 출처 발생 경로 보존,sources/raw/guidelines/sources/university_guidelines/current/기획과/GUIDE-9419508E3700_학과평가 지침/1 한국교통대학교 학과평가 지침 개정_210323.hwp
EXACT-391e90a0abf9,GDL-67f31fdb7fc8,exact_duplicate,GDL-67f31fdb7fc8,True,논리 버전 하나로 연결하고 출처 발생 경로 보존,sources/raw/guidelines/sources/university_guidelines/archive/GUIDE-9419508E3700/versions/2021-03-23_1041125/full_text/1 한국교통대학교 학과평가 지침 개정_210323.hwp
EXACT-3939a4620c4c,GDL-f2f8b1295412,exact_duplicate,GDL-f2f8b1295412,True,논리 버전 하나로 연결하고 출처 발생 경로 보존,sources/raw/guidelines/sources/university_guidelines/archive/GUIDE-D2124BB316B4/versions/2025-04-01_1078467/full_text/국립한국교통대학교 학생자치기구 선거 시행세칙 전문(2025.04.01.).hwp
EXACT-39f6c1e70fce,GDL-8996d767d6e8,exact_duplicate,GDL-8996d767d6e8,True,논리 버전 하나로 연결하고 출처 발생 경로 보존,sources/raw/guidelines/sources/university_guidelines/current/기획과/GUIDE-A171780FE5F6_교육수요자 만족도 관리 지침/국립한국교통대학교 교육수요자 만족도 관리 지침.hwp
EXACT-39f6c1e70fce,GDL-8996d767d6e8,exact_duplicate,GDL-8996d767d6e8,True,논리 버전 하나로 연결하고 출처 발생 경로 보존,sources/raw/guidelines/sources/university_guidelines/archive/GUIDE-A171780FE5F6/versions/2026-04-02_1121060/full_text/국립한국교통대학교 교육수요자 만족도 관리 지침.hwp
EXACT-3a8d39c7e416,GDL-c1e3e6bf93e7,exact_duplicate,GDL-c1e3e6bf93e7,True,논리 버전 하나로 연결하고 출처 발생 경로 보존,sources/raw/guidelines/sources/university_guidelines/current/기획과/GUIDE-51C0961F9EE0_대학혁신지원사업 관리 운영 지침/한국교통대학교 대학혁신지원사업 관리 운영 지침.hwp
EXACT-3a8d39c7e416,GDL-c1e3e6bf93e7,exact_duplicate,GDL-c1e3e6bf93e7,True,논리 버전 하나로 연결하고 출처 발생 경로 보존,sources/raw/guidelines/sources/university_guidelines/archive/GUIDE-51C0961F9EE0/versions/2022-04-05_1050996/full_text/한국교통대학교 대학혁신지원사업 관리 운영 지침.hwp
EXACT-3ad94d0222ee,GDL-85ea26f926f5,exact_duplicate,GDL-85ea26f926f5,True,논리 버전 하나로 연결하고 출처 발생 경로 보존,sources/raw/guidelines/sources/university_guidelines/archive/GUIDE-1508BFF2B32D/versions/2017-03-22_1007701/full_text/교육과정 및 강의 관리 지침.hwp
EXACT-3bb6e587e930,GDL-3314fe7f158b,exact_duplicate,GDL-3314fe7f158b,True,논리 버전 하나로 연결하고 출처 발생 경로 보존,sources/raw/guidelines/sources/university_guidelines/current/산학협력단/GUIDE-F7902077824E_산학협력 발전위원회 구성·운영 지침/한국교통대학교 산학협력 발전위원회 구성·운영 지침.hwp
EXACT-3bb6e587e930,GDL-3314fe7f158b,exact_duplicate,GDL-3314fe7f158b,True,논리 버전 하나로 연결하고 출처 발생 경로 보존,sources/raw/guidelines/sources/university_guidelines/archive/GUIDE-F7902077824E/versions/2020-02-14_1030817/full_text/한국교통대학교 산학협력 발전위원회 구성·운영 지침.hwp
EXACT-3d0367607951,GDL-02e60a5d63c4,exact_duplicate,GDL-02e60a5d63c4,True,논리 버전 하나로 연결하고 출처 발생 경로 보존,"sources/raw/guidelines/sources/university_guidelines/current/총무과/GUIDE-D54239CBDF0A_공직자의 이해충돌 방지제도 운영지침 알림 ,/한국교통대학교 공직자의 이해충돌 방지제도 운영지침.hwp"
EXACT-3d0367607951,GDL-02e60a5d63c4,exact_duplicate,GDL-02e60a5d63c4,True,논리 버전 하나로 연결하고 출처 발생 경로 보존,sources/raw/guidelines/sources/university_guidelines/archive/GUIDE-D54239CBDF0A/versions/2022-05-19_1051200/full_text/한국교통대학교 공직자의 이해충돌 방지제도 운영지침.hwp
EXACT-3d813ac3f598,GDL-e4f7344f8716,exact_duplicate,GDL-e4f7344f8716,True,논리 버전 하나로 연결하고 출처 발생 경로 보존,sources/raw/guidelines/sources/university_guidelines/current/학사관리과/GUIDE-801125AD540F_강의 관리 지침/한국교통대학교 강의 관리 지침 일부 개정(2021. 2. 18 지침 제341호).hwp
EXACT-3d813ac3f598,GDL-e4f7344f8716,exact_duplicate,GDL-e4f7344f8716,True,논리 버전 하나로 연결하고 출처 발생 경로 보존,sources/raw/guidelines/sources/university_guidelines/archive/GUIDE-801125AD540F/versions/2021-02-18_1040137/full_text/한국교통대학교 강의 관리 지침 일부 개정(2021. 2. 18 지침 제341호).hwp
EXACT-3e4a808a8ad6,GDL-9aa8530138de,exact_duplicate,GDL-9aa8530138de,True,논리 버전 하나로 연결하고 출처 발생 경로 보존,sources/raw/guidelines/sources/university_guidelines/current/입학홍보과/GUIDE-13392D6EFF31_UI 관리지침/(제282호 공포문)한국교통대학교  UI 관리지침.hwp
EXACT-3e4a808a8ad6,GDL-9aa8530138de,exact_duplicate,GDL-9aa8530138de,True,논리 버전 하나로 연결하고 출처 발생 경로 보존,sources/raw/guidelines/sources/university_guidelines/archive/GUIDE-13392D6EFF31/versions/2020-08-03_1057672/full_text/(제282호 공포문)한국교통대학교  UI 관리지침.hwp
EXACT-3e5e37440a32,GDL-90f9dfe2a532,exact_duplicate,GDL-90f9dfe2a532,True,논리 버전 하나로 연결하고 출처 발생 경로 보존,sources/raw/guidelines/sources/university_guidelines/archive/GUIDE-FDA61F112749/versions/2023-01-09_1058152/full_text/한국교통대학교 연구소 설립·운영에 관한 지침(2023.01.09. 지침 제469호).hwp
EXACT-3fac4725c780,GDL-48778f914b35,exact_duplicate,GDL-48778f914b35,True,논리 버전 하나로 연결하고 출처 발생 경로 보존,sources/raw/guidelines/sources/university_guidelines/archive/GUIDE-6BBEE6543AB2/versions/2019-11-05_1028267/full_text/총학생회 회칙_2019.11.5. 지침 제232호.hwp
EXACT-3fca3da16ba3,GDL-def4cb27d978,exact_duplicate,GDL-def4cb27d978,True,논리 버전 하나로 연결하고 출처 발생 경로 보존,sources/raw/guidelines/sources/university_guidelines/archive/GUIDE-19AA0C0541F0/versions/2022-01-07_1048449/full_text/한국교통대학교 정책연구과제 관리 지침.hwp
EXACT-4018804b2778,GDL-88b3d97c4ff2,exact_duplicate,GDL-88b3d97c4ff2,True,논리 버전 하나로 연결하고 출처 발생 경로 보존,sources/raw/guidelines/sources/university_guidelines/archive/GUIDE-5CB19EFEA6BD/versions/2020-03-01_1030945/other/한국교통대학교 장학금 관리지침 일부개정(공포2020.2.18 제250호).hwp
EXACT-404af784aa46,GDL-fa4e6c45fa6c,exact_duplicate,GDL-fa4e6c45fa6c,True,논리 버전 하나로 연결하고 출처 발생 경로 보존,sources/raw/guidelines/sources/university_guidelines/archive/GUIDE-E7A1342348A5/versions/2026-03-10_1086942/amendment_reason/국립한국교통대학교 국립대학 육성사업 관리 운영 지침 일부개정(개정사유 등).hwp
EXACT-40c834930c7e,GDL-110d89773d7f,exact_duplicate,GDL-110d89773d7f,True,논리 버전 하나로 연결하고 출처 발생 경로 보존,sources/raw/guidelines/sources/university_guidelines/current/산학협력단/GUIDE-8130511268CF_산학협력단 연구비관리규정 세부시행지침/연구비관리규정세부시행지침[2016.07.25)].pdf
EXACT-40c834930c7e,GDL-110d89773d7f,exact_duplicate,GDL-110d89773d7f,True,논리 버전 하나로 연결하고 출처 발생 경로 보존,sources/raw/guidelines/sources/university_guidelines/archive/GUIDE-8130511268CF/versions/2016-07-25_5125/full_text/연구비관리규정세부시행지침[2016.07.25)].pdf
EXACT-40e832fa4e54,GDL-9c9e3914231c,exact_duplicate,GDL-9c9e3914231c,True,논리 버전 하나로 연결하고 출처 발생 경로 보존,sources/raw/guidelines/sources/university_guidelines/archive/GUIDE-DC9C3ACD4CAC/versions/2019-03-18_1023710/other/증평생활관 관생수칙(2019. 3.18. 제193호).hwp
EXACT-4200ce766373,GDL-67f31fdb7fc8,exact_duplicate,GDL-67f31fdb7fc8,True,논리 버전 하나로 연결하고 출처 발생 경로 보존,sources/raw/guidelines/sources/university_guidelines/archive/GUIDE-CB4C01F6F50F/versions/2021-07-30_1044061/full_text/[붙임1] 한국교통대학교 학과평가 지침 개정_20210730.hwp
EXACT-424a89c2d69f,GDL-bb497867e58f,exact_duplicate,GDL-bb497867e58f,True,논리 버전 하나로 연결하고 출처 발생 경로 보존,sources/raw/guidelines/sources/university_guidelines/current/학사관리과/GUIDE-0FE11435F59A_교육과정 인증에 관한 운영지침/한국교통대학교 교육과정 인증에 관한 운영 지침(개정 2023.10.11. 제504호).hwp
EXACT-424a89c2d69f,GDL-bb497867e58f,exact_duplicate,GDL-bb497867e58f,True,논리 버전 하나로 연결하고 출처 발생 경로 보존,sources/raw/guidelines/sources/university_guidelines/archive/GUIDE-0FE11435F59A/versions/2023-10-11_1064043/full_text/한국교통대학교 교육과정 인증에 관한 운영 지침(개정 2023.10.11. 제504호).hwp
EXACT-425953d5f2e5,GDL-7e74e84ba6d1,exact_duplicate,GDL-7e74e84ba6d1,True,논리 버전 하나로 연결하고 출처 발생 경로 보존,"sources/raw/guidelines/sources/university_guidelines/current/총무과/GUIDE-7DDDB9B8F10C_정보공개 운영 지침 ,/한국교통대학교 정보공개 운영 지침(제376호).hwp"
EXACT-425953d5f2e5,GDL-7e74e84ba6d1,exact_duplicate,GDL-7e74e84ba6d1,True,논리 버전 하나로 연결하고 출처 발생 경로 보존,sources/raw/guidelines/sources/university_guidelines/archive/GUIDE-7DDDB9B8F10C/versions/2021-06-23_1043265/full_text/한국교통대학교 정보공개 운영 지침(제376호).hwp
EXACT-43606c2fed28,GDL-e4f7344f8716,exact_duplicate,GDL-e4f7344f8716,True,논리 버전 하나로 연결하고 출처 발생 경로 보존,sources/raw/guidelines/sources/university_guidelines/archive/GUIDE-801125AD540F/versions/2023-03-15_1059504/other/강의관리지침 일부개정(2023.3.15.지침제475호).hwp
EXACT-437a784ee1c7,GDL-9d2d1bc304a8,exact_duplicate,GDL-9d2d1bc304a8,True,논리 버전 하나로 연결하고 출처 발생 경로 보존,sources/raw/guidelines/sources/university_guidelines/current/입학관리본부/GUIDE-C0D09A8E7F79_대학원 장학운영지침/대학원 장학 운영지침(20150325).hwp
EXACT-437a784ee1c7,GDL-9d2d1bc304a8,exact_duplicate,GDL-9d2d1bc304a8,True,논리 버전 하나로 연결하고 출처 발생 경로 보존,sources/raw/guidelines/sources/university_guidelines/archive/GUIDE-C0D09A8E7F79/versions/2015-04-23_5091/full_text/대학원 장학 운영지침(20150325).hwp
EXACT-43c7478d342b,GDL-90f9dfe2a532,exact_duplicate,GDL-90f9dfe2a532,True,논리 버전 하나로 연결하고 출처 발생 경로 보존,sources/raw/guidelines/sources/university_guidelines/current/산학협력단/GUIDE-94522F6E00DC_연구소 설립 운영에 관한 지침/한국교통대학교 연구소 설립 운영에 관한 지침(2022.11.29. 지침 제462호).hwp
EXACT-43c7478d342b,GDL-90f9dfe2a532,exact_duplicate,GDL-90f9dfe2a532,True,논리 버전 하나로 연결하고 출처 발생 경로 보존,sources/raw/guidelines/sources/university_guidelines/archive/GUIDE-94522F6E00DC/versions/2022-11-29_1057129/full_text/한국교통대학교 연구소 설립 운영에 관한 지침(2022.11.29. 지침 제462호).hwp
EXACT-44909b625a3e,GDL-dfe55f634cfc,exact_duplicate,GDL-dfe55f634cfc,True,논리 버전 하나로 연결하고 출처 발생 경로 보존,sources/raw/guidelines/sources/university_guidelines/archive/GUIDE-AB2969DC6914/versions/2020-10-28_1036825/full_text/02_한국교통대학교 전임교원 신규채용 전형지침 일부개정 전문안.hwp
EXACT-44a2baa62747,GDL-ab80c302ea7b,exact_duplicate,GDL-ab80c302ea7b,True,논리 버전 하나로 연결하고 출처 발생 경로 보존,sources/raw/guidelines/sources/university_guidelines/archive/GUIDE-1C292ECD8FC6/versions/2024-07-10_1072174/other/의왕생활관 관생생활수칙.hwp
EXACT-45181de04405,GDL-76134d62beb8,exact_duplicate,GDL-76134d62beb8,True,논리 버전 하나로 연결하고 출처 발생 경로 보존,sources/raw/guidelines/sources/university_guidelines/current/학생과/GUIDE-23007D1B40A4_장학금 관리지침 공포2020.08.20/한국교통대학교 장학금 관리지침 일부개정(공포2020.08.20. 제289호).hwp
EXACT-45181de04405,GDL-76134d62beb8,exact_duplicate,GDL-76134d62beb8,True,논리 버전 하나로 연결하고 출처 발생 경로 보존,sources/raw/guidelines/sources/university_guidelines/archive/GUIDE-23007D1B40A4/versions/2020-08-20_1035087/other/한국교통대학교 장학금 관리지침 일부개정(공포2020.08.20. 제289호).hwp
EXACT-456c088d29d8,GDL-6a2ea11e9372,exact_duplicate,GDL-6a2ea11e9372,True,논리 버전 하나로 연결하고 출처 발생 경로 보존,sources/raw/guidelines/sources/university_guidelines/archive/GUIDE-19EEF13AFD29/versions/2023-06-22_1061611/other/한국교통대학교 일상감사 지침 일부개정(2023.06.23. 지침 제493호).hwp
EXACT-4667a59cd389,GDL-479a733267fe,exact_duplicate,GDL-479a733267fe,True,논리 버전 하나로 연결하고 출처 발생 경로 보존,sources/raw/guidelines/sources/university_guidelines/current/산학협력단/GUIDE-7AF7C0B3CCB0_학생연구자 지원지침/한국교통대학교 학생연구자 지원지침(2022.09.07. 지침 제444호).hwp
EXACT-4667a59cd389,GDL-479a733267fe,exact_duplicate,GDL-479a733267fe,True,논리 버전 하나로 연결하고 출처 발생 경로 보존,sources/raw/guidelines/sources/university_guidelines/archive/GUIDE-7AF7C0B3CCB0/versions/2022-09-07_1054444/full_text/한국교통대학교 학생연구자 지원지침(2022.09.07. 지침 제444호).hwp
EXACT-46a99d89f16f,GDL-be113cfe7031,exact_duplicate,GDL-be113cfe7031,True,논리 버전 하나로 연결하고 출처 발생 경로 보존,sources/raw/guidelines/sources/university_guidelines/current/입학관리본부/GUIDE-98975A5B639F_석박사 통합과정 운영지침/석박사 통합과정 운영지침(20120511).hwp
EXACT-46a99d89f16f,GDL-be113cfe7031,exact_duplicate,GDL-be113cfe7031,True,논리 버전 하나로 연결하고 출처 발생 경로 보존,sources/raw/guidelines/sources/university_guidelines/archive/GUIDE-98975A5B639F/versions/2015-04-23_5093/full_text/석박사 통합과정 운영지침(20120511).hwp
EXACT-46c068987b2c,GDL-343e3affdf72,exact_duplicate,GDL-343e3affdf72,True,논리 버전 하나로 연결하고 출처 발생 경로 보존,sources/raw/guidelines/sources/university_guidelines/archive/GUIDE-7E539D053E6C/versions/2020-08-04_1034586/full_text/한국교통대학교 교양교육과정 편성지침.hwp
EXACT-47e8a238c660,GDL-343e3affdf72,exact_duplicate,GDL-343e3affdf72,True,논리 버전 하나로 연결하고 출처 발생 경로 보존,sources/raw/guidelines/sources/university_guidelines/archive/GUIDE-7E539D053E6C/versions/2023-12-27_1065880/full_text/국립한국교통대학교 교양교육과정 편성지침(2023.12.27. 제520호).hwp
EXACT-4807232b4a8d,GDL-c08d9e1b3746,exact_duplicate,GDL-c08d9e1b3746,True,논리 버전 하나로 연결하고 출처 발생 경로 보존,sources/raw/guidelines/sources/university_guidelines/current/LINC사업단/GUIDE-751A28AA3AB2_특화산업별 산업체협업센터 ICC 운영지침/한국교통대학교 특화산업별 산업체협업센터(ICC) 운영지침 일부개정.hwp
EXACT-4807232b4a8d,GDL-c08d9e1b3746,exact_duplicate,GDL-c08d9e1b3746,True,논리 버전 하나로 연결하고 출처 발생 경로 보존,sources/raw/guidelines/sources/university_guidelines/archive/GUIDE-751A28AA3AB2/versions/2021-07-23_1043857/other/한국교통대학교 특화산업별 산업체협업센터(ICC) 운영지침 일부개정.hwp
EXACT-4816e3f26bc7,GDL-9c85ae14949a,exact_duplicate,GDL-9c85ae14949a,True,논리 버전 하나로 연결하고 출처 발생 경로 보존,sources/raw/guidelines/sources/university_guidelines/archive/GUIDE-B38559026706/versions/2022-06-07_1052179/other/한국교통대학교 총장임용후보자 선정 규정 시행세칙 일부개정.hwp
EXACT-4817078ba598,GDL-acb2c4b07488,exact_duplicate,GDL-acb2c4b07488,True,논리 버전 하나로 연결하고 출처 발생 경로 보존,sources/raw/guidelines/sources/university_guidelines/current/교무과/GUIDE-F26A78C87302_교원 성과급적 연봉제 및 교원 업적평가 운영지침 25.2.26/(25.2.26. 지침 제597호)국립한국교통대학교 교원 성과급적 연봉제 및 교원 업적평가 운영지침.hwp
EXACT-4817078ba598,GDL-acb2c4b07488,exact_duplicate,GDL-acb2c4b07488,True,논리 버전 하나로 연결하고 출처 발생 경로 보존,sources/raw/guidelines/sources/university_guidelines/archive/GUIDE-F26A78C87302/versions/2025-02-26_1077590/full_text/(25.2.26. 지침 제597호)국립한국교통대학교 교원 성과급적 연봉제 및 교원 업적평가 운영지침.hwp
EXACT-48a057ffd99a,GDL-32de610a28f1,exact_duplicate,GDL-32de610a28f1,True,논리 버전 하나로 연결하고 출처 발생 경로 보존,sources/raw/guidelines/sources/university_guidelines/archive/GUIDE-7A806E92E0B4/versions/2025-07-09_1080804/other/공동복수학위(영문).pdf
EXACT-49081204264d,GDL-57dae907c38b,exact_duplicate,GDL-57dae907c38b,True,논리 버전 하나로 연결하고 출처 발생 경로 보존,"sources/raw/guidelines/sources/university_guidelines/current/생명윤리위원회/GUIDE-E4D3E6671142_생명윤리위원회 표준운영지침 ,/한국교통대학교 생명윤리위원회 표준운영지침(2022.11.22. 지침 제457호).hwp"
EXACT-49081204264d,GDL-57dae907c38b,exact_duplicate,GDL-57dae907c38b,True,논리 버전 하나로 연결하고 출처 발생 경로 보존,sources/raw/guidelines/sources/university_guidelines/archive/GUIDE-E4D3E6671142/versions/2022-11-22_1059831/full_text/한국교통대학교 생명윤리위원회 표준운영지침(2022.11.22. 지침 제457호).hwp
EXACT-4923e16dd296,GDL-1156f7933eb0,exact_duplicate,GDL-1156f7933eb0,True,논리 버전 하나로 연결하고 출처 발생 경로 보존,sources/raw/guidelines/sources/university_guidelines/current/충주생활관/GUIDE-1066FC2DF196_충주생활관 관생선발에 관한 지침/충주생활관 관생선발에 관한 지침(2024.1.11 지침 제517호).hwp
EXACT-4923e16dd296,GDL-1156f7933eb0,exact_duplicate,GDL-1156f7933eb0,True,논리 버전 하나로 연결하고 출처 발생 경로 보존,sources/raw/guidelines/sources/university_guidelines/archive/GUIDE-1066FC2DF196/versions/2024-01-11_1066312/full_text/충주생활관 관생선발에 관한 지침(2024.1.11 지침 제517호).hwp
EXACT-4946a9ad2abb,GDL-9e444aafc07a,exact_duplicate,GDL-9e444aafc07a,True,논리 버전 하나로 연결하고 출처 발생 경로 보존,"sources/raw/guidelines/sources/university_guidelines/current/교무과/GUIDE-3B5063831C5E_교원 성과급적연봉제 및 교원 업적평가 운영지침 ,/(지침 제229호)교원 성과급적연봉제 및 교원 업적평가 운영지침(2019.10.24).hwp"
EXACT-4946a9ad2abb,GDL-9e444aafc07a,exact_duplicate,GDL-9e444aafc07a,True,논리 버전 하나로 연결하고 출처 발생 경로 보존,sources/raw/guidelines/sources/university_guidelines/archive/GUIDE-3B5063831C5E/versions/2019-10-24_1028145/full_text/(지침 제229호)교원 성과급적연봉제 및 교원 업적평가 운영지침(2019.10.24).hwp
EXACT-496bb437de69,GDL-3ed1f4d2cfa5,exact_duplicate,GDL-3ed1f4d2cfa5,True,논리 버전 하나로 연결하고 출처 발생 경로 보존,sources/raw/guidelines/sources/university_guidelines/current/학사관리과/GUIDE-0E4676D9C3AE_전임교원의 강의 책임시간 감면 지침/전임교원의 강의 책임시간 감면 지침.hwp
EXACT-496bb437de69,GDL-3ed1f4d2cfa5,exact_duplicate,GDL-3ed1f4d2cfa5,True,논리 버전 하나로 연결하고 출처 발생 경로 보존,sources/raw/guidelines/sources/university_guidelines/archive/GUIDE-0E4676D9C3AE/versions/2019-04-10_1024034/full_text/전임교원의 강의 책임시간 감면 지침.hwp
EXACT-4c0d0c1fec9a,GDL-d24445499d21,exact_duplicate,GDL-d24445499d21,True,논리 버전 하나로 연결하고 출처 발생 경로 보존,sources/raw/guidelines/sources/university_guidelines/archive/GUIDE-85C016CB41CA/versions/2018-02-23_1015383/full_text/강의 관리 지침 일부 개정(2018.2.23. 지침 제163호).hwp
EXACT-4c2c90a7d7e8,GDL-8a45306f55bc,exact_duplicate,GDL-8a45306f55bc,True,논리 버전 하나로 연결하고 출처 발생 경로 보존,sources/raw/guidelines/sources/university_guidelines/current/교무과/GUIDE-FA576BE67C16_우수교수상 시행지침/우수교수상 시행지침_확정안.hwp
EXACT-4c2c90a7d7e8,GDL-8a45306f55bc,exact_duplicate,GDL-8a45306f55bc,True,논리 버전 하나로 연결하고 출처 발생 경로 보존,sources/raw/guidelines/sources/university_guidelines/archive/GUIDE-FA576BE67C16/versions/2017-12-08_1012781/full_text/우수교수상 시행지침_확정안.hwp
EXACT-4c9b556c24ad,GDL-88b3d97c4ff2,exact_duplicate,GDL-88b3d97c4ff2,True,논리 버전 하나로 연결하고 출처 발생 경로 보존,sources/raw/guidelines/sources/university_guidelines/current/학생과/GUIDE-5CB19EFEA6BD_장학금 관리지침/(붙임) 국립한국교통대학교 장학금 관리지침(2024. 12. 30. 지침 제586호).hwp
EXACT-4c9b556c24ad,GDL-88b3d97c4ff2,exact_duplicate,GDL-88b3d97c4ff2,True,논리 버전 하나로 연결하고 출처 발생 경로 보존,sources/raw/guidelines/sources/university_guidelines/archive/GUIDE-5CB19EFEA6BD/versions/2024-12-30_1076456/full_text/(붙임) 국립한국교통대학교 장학금 관리지침(2024. 12. 30. 지침 제586호).hwp
EXACT-4ceaeb4af263,GDL-e01614559c72,exact_duplicate,GDL-e01614559c72,True,논리 버전 하나로 연결하고 출처 발생 경로 보존,sources/raw/guidelines/sources/university_guidelines/current/기획과/GUIDE-48DADF790C0F_대학 발전계획 등 성과관리 지침/대학 발전계획 등 성과관리 지침(2019. 3. 5. 제189호).hwp
EXACT-4ceaeb4af263,GDL-e01614559c72,exact_duplicate,GDL-e01614559c72,True,논리 버전 하나로 연결하고 출처 발생 경로 보존,sources/raw/guidelines/sources/university_guidelines/archive/GUIDE-48DADF790C0F/versions/2019-03-05_1023404/full_text/대학 발전계획 등 성과관리 지침(2019. 3. 5. 제189호).hwp
EXACT-4da5a04b7549,GDL-e4f7344f8716,exact_duplicate,GDL-e4f7344f8716,True,논리 버전 하나로 연결하고 출처 발생 경로 보존,sources/raw/guidelines/sources/university_guidelines/archive/GUIDE-801125AD540F/versions/2023-09-15_1063545/other/강의관리지침 일부개정(안)(개정 2023.9.15. 지침제499호).hwp
EXACT-4dbef5df7ddf,GDL-6479a5d618ae,exact_duplicate,GDL-6479a5d618ae,True,논리 버전 하나로 연결하고 출처 발생 경로 보존,sources/raw/guidelines/sources/university_guidelines/current/국제교류본부/GUIDE-9E6838E2A9C2_해외어학연수 교과목 운영 지침/2. 한국교통대학교 해외어학연수 교과목 운영지침.hwp
EXACT-4dbef5df7ddf,GDL-6479a5d618ae,exact_duplicate,GDL-6479a5d618ae,True,논리 버전 하나로 연결하고 출처 발생 경로 보존,sources/raw/guidelines/sources/university_guidelines/archive/GUIDE-9E6838E2A9C2/versions/2021-07-27_1043938/full_text/2. 한국교통대학교 해외어학연수 교과목 운영지침.hwp
EXACT-4decc7842fb9,GDL-3118ddd9413f,exact_duplicate,GDL-3118ddd9413f,True,논리 버전 하나로 연결하고 출처 발생 경로 보존,"sources/raw/guidelines/sources/university_guidelines/current/산학협력단/GUIDE-2BD921E24EFC_대응자금 지원 지침 알림 ,/한국교통대학교 대응자금 지원 지침.hwp"
EXACT-4decc7842fb9,GDL-3118ddd9413f,exact_duplicate,GDL-3118ddd9413f,True,논리 버전 하나로 연결하고 출처 발생 경로 보존,sources/raw/guidelines/sources/university_guidelines/archive/GUIDE-2BD921E24EFC/versions/2022-06-14_1052471/full_text/한국교통대학교 대응자금 지원 지침.hwp
EXACT-4df74ffbf946,GDL-123a1df8db96,exact_duplicate,GDL-123a1df8db96,True,논리 버전 하나로 연결하고 출처 발생 경로 보존,sources/raw/guidelines/sources/university_guidelines/archive/GUIDE-3A17FC638960/versions/2018-06-12_1017506/full_text/3. 국제학술회의 참가경비 지원지침 전문 180612 171호.hwp
EXACT-4e690d719e2b,GDL-980f83f6be16,exact_duplicate,GDL-980f83f6be16,True,논리 버전 하나로 연결하고 출처 발생 경로 보존,sources/raw/guidelines/sources/university_guidelines/current/산학협력단/GUIDE-2638E22EC1FB_가족회사규정 세부운영지침/10가족회사규정-세부운영지침.hwp
EXACT-4e690d719e2b,GDL-980f83f6be16,exact_duplicate,GDL-980f83f6be16,True,논리 버전 하나로 연결하고 출처 발생 경로 보존,sources/raw/guidelines/sources/university_guidelines/archive/GUIDE-2638E22EC1FB/versions/2015-04-20_5070/full_text/10가족회사규정-세부운영지침.hwp
EXACT-4e6b02b0881a,GDL-88b3d97c4ff2,exact_duplicate,GDL-88b3d97c4ff2,True,논리 버전 하나로 연결하고 출처 발생 경로 보존,sources/raw/guidelines/sources/university_guidelines/archive/GUIDE-5CB19EFEA6BD/versions/2025-12-16_1086344/other/국립한국교통대학교 장학금 관리지침 일부개정2025.12.16.(지침 제636호).hwp
EXACT-4ec60fe3a6c4,GDL-93aafd9dbd94,exact_duplicate,GDL-93aafd9dbd94,True,논리 버전 하나로 연결하고 출처 발생 경로 보존,sources/raw/guidelines/sources/university_guidelines/current/국제교류본부/GUIDE-492EBCA6202F_외국인 유학생 관리 지침/한국교통대학교 외국인 유학생 관리 지침.hwp
EXACT-4ec60fe3a6c4,GDL-93aafd9dbd94,exact_duplicate,GDL-93aafd9dbd94,True,논리 버전 하나로 연결하고 출처 발생 경로 보존,sources/raw/guidelines/sources/university_guidelines/archive/GUIDE-492EBCA6202F/versions/2019-10-25_1034510/full_text/한국교통대학교 외국인 유학생 관리 지침.hwp
EXACT-4f135603803e,GDL-48778f914b35,exact_duplicate,GDL-48778f914b35,True,논리 버전 하나로 연결하고 출처 발생 경로 보존,sources/raw/guidelines/sources/university_guidelines/current/학생과/GUIDE-6BBEE6543AB2_총학생회 회칙/국립한국교통대학교 총학생회 회칙 전문(2026.02.02.개정안).hwp
EXACT-4f135603803e,GDL-48778f914b35,exact_duplicate,GDL-48778f914b35,True,논리 버전 하나로 연결하고 출처 발생 경로 보존,sources/raw/guidelines/sources/university_guidelines/archive/GUIDE-6BBEE6543AB2/versions/2026-02-02_1086138/full_text/국립한국교통대학교 총학생회 회칙 전문(2026.02.02.개정안).hwp
EXACT-4f2a0c3f6fcc,GDL-0b7aa100d06b,exact_duplicate,GDL-0b7aa100d06b,True,논리 버전 하나로 연결하고 출처 발생 경로 보존,sources/raw/guidelines/sources/university_guidelines/archive/GUIDE-FD68BA1805AF/versions/2026-01-28_1085917/other/국립한국교통대학교 충북 PRIDE 공유대학 소단위 전공과정 운영 지침 일부개정_2026.1.28. 제643호.hwp
EXACT-4f76f239dc53,GDL-b314b471d117,exact_duplicate,GDL-b314b471d117,True,논리 버전 하나로 연결하고 출처 발생 경로 보존,sources/raw/guidelines/sources/university_guidelines/archive/GUIDE-7885026A319F/versions/2020-03-30_1032071/full_text/학생부종합전형 사정위원회 운영 지침(2020.03.30.지침 제258호).hwp
EXACT-502477f74f8a,GDL-0a30e1294ac5,exact_duplicate,GDL-0a30e1294ac5,True,논리 버전 하나로 연결하고 출처 발생 경로 보존,sources/raw/guidelines/sources/university_guidelines/current/제1행정실/GUIDE-38B5E30740D4_미래융합대학 교육과정 편성지침/한국교통대학교 미래융합대학 교육과정 편성지침(지침321호).hwp
EXACT-502477f74f8a,GDL-0a30e1294ac5,exact_duplicate,GDL-0a30e1294ac5,True,논리 버전 하나로 연결하고 출처 발생 경로 보존,sources/raw/guidelines/sources/university_guidelines/archive/GUIDE-38B5E30740D4/versions/2020-12-21_1038134/full_text/한국교통대학교 미래융합대학 교육과정 편성지침(지침321호).hwp
EXACT-504748ca5dd6,GDL-343e3affdf72,exact_duplicate,GDL-343e3affdf72,True,논리 버전 하나로 연결하고 출처 발생 경로 보존,sources/raw/guidelines/sources/university_guidelines/archive/GUIDE-7E539D053E6C/versions/2018-12-27_1021244/other/한국교통대학교 교양교육과정 편성지침 일부개정.hwp
EXACT-50e1572da8c1,GDL-3343e8906ba3,exact_duplicate,GDL-3343e8906ba3,True,논리 버전 하나로 연결하고 출처 발생 경로 보존,sources/raw/guidelines/sources/university_guidelines/archive/GUIDE-4E8DAA2141E2/versions/2019-07-10_1025830/full_text/한국교통대학교 학사학위취득의 유예에 관한 운영 지침.hwp
EXACT-513defc542fa,GDL-c52dd945703e,exact_duplicate,GDL-c52dd945703e,True,논리 버전 하나로 연결하고 출처 발생 경로 보존,sources/raw/guidelines/sources/university_guidelines/current/취업성공지원과/GUIDE-769BCFD29BFD_산학협동교육 운영에 관한 지침 및 산학협동교육 편성 지침/산학협동교육 운영에 관한 지침 폐지 및 한국교통대학교 산학협동교육 편성 지침 제정.hwp
EXACT-513defc542fa,GDL-c52dd945703e,exact_duplicate,GDL-c52dd945703e,True,논리 버전 하나로 연결하고 출처 발생 경로 보존,sources/raw/guidelines/sources/university_guidelines/archive/GUIDE-769BCFD29BFD/versions/2023-03-24_1059752/full_text/산학협동교육 운영에 관한 지침 폐지 및 한국교통대학교 산학협동교육 편성 지침 제정.hwp
EXACT-516972ed664b,GDL-d3277ff19980,exact_duplicate,GDL-d3277ff19980,True,논리 버전 하나로 연결하고 출처 발생 경로 보존,sources/raw/guidelines/sources/university_guidelines/archive/GUIDE-013DFECC88F6/versions/2025-07-23_1081024/other/국립한국교통대학교 교육과정 편성지침 일부개정.hwp
EXACT-51b6e12dafd7,GDL-4e98bddf4845,exact_duplicate,GDL-4e98bddf4845,True,논리 버전 하나로 연결하고 출처 발생 경로 보존,sources/raw/guidelines/sources/university_guidelines/current/학사관리과/GUIDE-A631463F939A_졸업유보제 운영지침/졸업유보제 운영지침.hwp
EXACT-51b6e12dafd7,GDL-4e98bddf4845,exact_duplicate,GDL-4e98bddf4845,True,논리 버전 하나로 연결하고 출처 발생 경로 보존,sources/raw/guidelines/sources/university_guidelines/archive/GUIDE-A631463F939A/versions/2015-04-21_5082/full_text/졸업유보제 운영지침.hwp
EXACT-523727ed24e6,GDL-e239e559d853,exact_duplicate,GDL-e239e559d853,True,논리 버전 하나로 연결하고 출처 발생 경로 보존,sources/raw/guidelines/sources/university_guidelines/current/입학팀/GUIDE-EB959462E868_입학사정관제 공정성확보시스템 운영지침/입학사정관제 공정성 확보시스템 운영지침(개정 2017.09.11.).hwp
EXACT-523727ed24e6,GDL-e239e559d853,exact_duplicate,GDL-e239e559d853,True,논리 버전 하나로 연결하고 출처 발생 경로 보존,sources/raw/guidelines/sources/university_guidelines/archive/GUIDE-EB959462E868/versions/2017-09-11_1010981/full_text/입학사정관제 공정성 확보시스템 운영지침(개정 2017.09.11.).hwp
EXACT-527db0b03624,GDL-d795ba5c8eb7,exact_duplicate,GDL-d795ba5c8eb7,True,논리 버전 하나로 연결하고 출처 발생 경로 보존,sources/raw/guidelines/sources/university_guidelines/archive/GUIDE-0569F1E586C1/versions/2025-10-16_1083340/other/국립한국교통대학교 행정조직 팀제 운영지침 일부개정.hwp
EXACT-528ab452e5a1,GDL-fcaa6ade333a,exact_duplicate,GDL-fcaa6ade333a,True,논리 버전 하나로 연결하고 출처 발생 경로 보존,sources/raw/guidelines/sources/university_guidelines/current/산학협력단/GUIDE-73A8548227DB_SCI E 급 논문 영문교정 지원 지침/2. 국립한국교통대학교 SCI(E)급논문영문교정지원지침_540호.hwp
EXACT-528ab452e5a1,GDL-fcaa6ade333a,exact_duplicate,GDL-fcaa6ade333a,True,논리 버전 하나로 연결하고 출처 발생 경로 보존,sources/raw/guidelines/sources/university_guidelines/archive/GUIDE-73A8548227DB/versions/2024-05-09_1069410/full_text/2. 국립한국교통대학교 SCI(E)급논문영문교정지원지침_540호.hwp
EXACT-52f960874691,GDL-d9c5f06c98a9,exact_duplicate,GDL-d9c5f06c98a9,True,논리 버전 하나로 연결하고 출처 발생 경로 보존,sources/raw/guidelines/sources/university_guidelines/current/입학관리본부/GUIDE-2ACEF4AF54A8_수료 후 등록제도 운영지침/수료 후 등록생제도 운영지침(20150325).hwp
EXACT-52f960874691,GDL-d9c5f06c98a9,exact_duplicate,GDL-d9c5f06c98a9,True,논리 버전 하나로 연결하고 출처 발생 경로 보존,sources/raw/guidelines/sources/university_guidelines/archive/GUIDE-2ACEF4AF54A8/versions/2015-04-23_5094/full_text/수료 후 등록생제도 운영지침(20150325).hwp
EXACT-5343c8b86ca8,GDL-a9033cd601df,exact_duplicate,GDL-a9033cd601df,True,논리 버전 하나로 연결하고 출처 발생 경로 보존,sources/raw/guidelines/sources/university_guidelines/current/산학협력단/GUIDE-D572A3885496_연구시설장비비 통합관리 지침/한국교통대학교 연구시설장비비 통합관리 지침(2022.04.29. 지침 제427호).hwp
EXACT-5343c8b86ca8,GDL-a9033cd601df,exact_duplicate,GDL-a9033cd601df,True,논리 버전 하나로 연결하고 출처 발생 경로 보존,sources/raw/guidelines/sources/university_guidelines/archive/GUIDE-D572A3885496/versions/2022-04-29_1051588/full_text/한국교통대학교 연구시설장비비 통합관리 지침(2022.04.29. 지침 제427호).hwp
EXACT-53724543a70f,GDL-aaea1d409b71,exact_duplicate,GDL-aaea1d409b71,True,논리 버전 하나로 연결하고 출처 발생 경로 보존,sources/raw/guidelines/sources/university_guidelines/current/학생과/GUIDE-803A83E1B0A1_사회봉사단 운영지침/(공포문) 국립한국교통대학교 사회봉사단 운영 지침.hwp
EXACT-53724543a70f,GDL-aaea1d409b71,exact_duplicate,GDL-aaea1d409b71,True,논리 버전 하나로 연결하고 출처 발생 경로 보존,sources/raw/guidelines/sources/university_guidelines/archive/GUIDE-803A83E1B0A1/versions/2025-04-09_1078789/full_text/(공포문) 국립한국교통대학교 사회봉사단 운영 지침.hwp
EXACT-53b8e50f7c49,GDL-0e3694707f16,exact_duplicate,GDL-0e3694707f16,True,논리 버전 하나로 연결하고 출처 발생 경로 보존,sources/raw/guidelines/sources/university_guidelines/archive/GUIDE-43FB838AB049/versions/2016-05-01_1019049/full_text/한국교통대학교 외국인교수 계약에 관한 지침.hwp
EXACT-54298e6db0b5,GDL-500a1b3ccf17,exact_duplicate,GDL-500a1b3ccf17,True,논리 버전 하나로 연결하고 출처 발생 경로 보존,sources/raw/guidelines/sources/university_guidelines/current/학생과/GUIDE-FD70626D6100_운동부운영 지침/운동부운영지침_20120524.hwp
EXACT-54298e6db0b5,GDL-500a1b3ccf17,exact_duplicate,GDL-500a1b3ccf17,True,논리 버전 하나로 연결하고 출처 발생 경로 보존,sources/raw/guidelines/sources/university_guidelines/archive/GUIDE-FD70626D6100/versions/2015-04-22_5086/full_text/운동부운영지침_20120524.hwp
EXACT-544633cb0de4,GDL-8b91707d85dd,exact_duplicate,GDL-8b91707d85dd,True,논리 버전 하나로 연결하고 출처 발생 경로 보존,sources/raw/guidelines/sources/university_guidelines/archive/GUIDE-ED07F00EEE2E/versions/2019-02-28_1023285/full_text/원격수업 운영지침 제정.hwp
EXACT-54595994b670,GDL-a61937c1e850,exact_duplicate,GDL-a61937c1e850,True,논리 버전 하나로 연결하고 출처 발생 경로 보존,sources/raw/guidelines/sources/university_guidelines/current/입학관리본부/GUIDE-C5D78647A192_학연협동과정 운영지침/학연협동과정 운영지침(20150325).hwp
EXACT-54595994b670,GDL-a61937c1e850,exact_duplicate,GDL-a61937c1e850,True,논리 버전 하나로 연결하고 출처 발생 경로 보존,sources/raw/guidelines/sources/university_guidelines/archive/GUIDE-C5D78647A192/versions/2015-04-23_5095/full_text/학연협동과정 운영지침(20150325).hwp
EXACT-54727fc72891,GDL-b1fe1b783b9f,exact_duplicate,GDL-b1fe1b783b9f,True,논리 버전 하나로 연결하고 출처 발생 경로 보존,sources/raw/guidelines/sources/university_guidelines/current/산학협력단/GUIDE-05B53397493B_산학협력단 행정실무팀 설치운영 지침/15-산학협력단행정실무팀설치운영지침.hwp
EXACT-54727fc72891,GDL-b1fe1b783b9f,exact_duplicate,GDL-b1fe1b783b9f,True,논리 버전 하나로 연결하고 출처 발생 경로 보존,sources/raw/guidelines/sources/university_guidelines/archive/GUIDE-05B53397493B/versions/2015-04-20_5061/full_text/15-산학협력단행정실무팀설치운영지침.hwp
EXACT-5495f06fe2ed,GDL-ae9c6836aa03,exact_duplicate,GDL-ae9c6836aa03,True,논리 버전 하나로 연결하고 출처 발생 경로 보존,sources/raw/guidelines/sources/university_guidelines/archive/GUIDE-10545FF5A13B/versions/2020-10-26_1036711/other/학습역량 비교과 프로그램 운영 지침 일부개정(홈페이지).hwp
EXACT-54ad50d291a9,GDL-123a1df8db96,exact_duplicate,GDL-123a1df8db96,True,논리 버전 하나로 연결하고 출처 발생 경로 보존,sources/raw/guidelines/sources/university_guidelines/archive/GUIDE-3A17FC638960/versions/2015-04-20_5065/full_text/4국제학술회의참가경비지원지침.hwp
EXACT-5528ffe88885,GDL-6dca56c1e6b4,exact_duplicate,GDL-6dca56c1e6b4,True,논리 버전 하나로 연결하고 출처 발생 경로 보존,sources/raw/guidelines/sources/university_guidelines/archive/GUIDE-334752E393FA/versions/2024-03-06_1067646/other/국립한국교통대학교 대학의 평생교육체제지원사업 운영지침 일부개정(2024. 3. 6. 지침 제526호).hwp
EXACT-569ec99999e7,GDL-b268c35003b2,exact_duplicate,GDL-b268c35003b2,True,논리 버전 하나로 연결하고 출처 발생 경로 보존,sources/raw/guidelines/sources/university_guidelines/current/산학협력단/GUIDE-5C86C124ED22_외부사업 제안 장려지침/6-외부사업제안장려지침.hwp
EXACT-569ec99999e7,GDL-b268c35003b2,exact_duplicate,GDL-b268c35003b2,True,논리 버전 하나로 연결하고 출처 발생 경로 보존,sources/raw/guidelines/sources/university_guidelines/archive/GUIDE-5C86C124ED22/versions/2015-04-20_5066/full_text/6-외부사업제안장려지침.hwp
EXACT-56cd7228272f,GDL-343e3affdf72,exact_duplicate,GDL-343e3affdf72,True,논리 버전 하나로 연결하고 출처 발생 경로 보존,sources/raw/guidelines/sources/university_guidelines/current/학사관리과/GUIDE-7E539D053E6C_교양교육과정 편성지침/한국교통대학교 교양교육과정 편성지침(2023.4.11.).hwp
EXACT-56cd7228272f,GDL-343e3affdf72,exact_duplicate,GDL-343e3affdf72,True,논리 버전 하나로 연결하고 출처 발생 경로 보존,sources/raw/guidelines/sources/university_guidelines/archive/GUIDE-7E539D053E6C/versions/2023-04-11_1060154/full_text/한국교통대학교 교양교육과정 편성지침(2023.4.11.).hwp
EXACT-5700f5e2dcb8,GDL-d3aa95ee4e05,exact_duplicate,GDL-d3aa95ee4e05,True,논리 버전 하나로 연결하고 출처 발생 경로 보존,sources/raw/guidelines/sources/university_guidelines/current/창의융합학부/GUIDE-640139130628_창의융합학부 소단위 전공과정 운영 지침 2025.06.26/1. 국립한국교통대학교 창의융합학부 소단위 전공과정 운영 지침 제정_2025.06.26.제620호.hwp
EXACT-5700f5e2dcb8,GDL-d3aa95ee4e05,exact_duplicate,GDL-d3aa95ee4e05,True,논리 버전 하나로 연결하고 출처 발생 경로 보존,sources/raw/guidelines/sources/university_guidelines/archive/GUIDE-640139130628/versions/2025-06-26_1080351/full_text/1. 국립한국교통대학교 창의융합학부 소단위 전공과정 운영 지침 제정_2025.06.26.제620호.hwp
EXACT-573bd65af3d1,GDL-b2e69b89f754,exact_duplicate,GDL-b2e69b89f754,True,논리 버전 하나로 연결하고 출처 발생 경로 보존,sources/raw/guidelines/sources/university_guidelines/current/학사관리과/GUIDE-AFFD8A3A9F5F_전임교원 강의책임시간 감면지침/전임교원 강의책임시간 감면지침(2016.1.25).hwp
EXACT-573bd65af3d1,GDL-b2e69b89f754,exact_duplicate,GDL-b2e69b89f754,True,논리 버전 하나로 연결하고 출처 발생 경로 보존,sources/raw/guidelines/sources/university_guidelines/archive/GUIDE-AFFD8A3A9F5F/versions/2016-01-25_1007105/full_text/전임교원 강의책임시간 감면지침(2016.1.25).hwp
EXACT-5811977a6293,GDL-4d3c1a049157,exact_duplicate,GDL-4d3c1a049157,True,논리 버전 하나로 연결하고 출처 발생 경로 보존,sources/raw/guidelines/sources/university_guidelines/current/정밀의료·의료기기사업단/GUIDE-11E30871B512_Bio PRIDE 공유대학 공동교육과정 마이크로전공 운영 지침/(제440호) 한국교통대학교 Bio-PRIDE 공유대학 공동교육과정 마이크로전공 운영 지침 제정 공포문.hwp
EXACT-5811977a6293,GDL-4d3c1a049157,exact_duplicate,GDL-4d3c1a049157,True,논리 버전 하나로 연결하고 출처 발생 경로 보존,sources/raw/guidelines/sources/university_guidelines/archive/GUIDE-11E30871B512/versions/2022-08-09_1053603/full_text/(제440호) 한국교통대학교 Bio-PRIDE 공유대학 공동교육과정 마이크로전공 운영 지침 제정 공포문.hwp
EXACT-586032e33249,GDL-6dca56c1e6b4,exact_duplicate,GDL-6dca56c1e6b4,True,논리 버전 하나로 연결하고 출처 발생 경로 보존,sources/raw/guidelines/sources/university_guidelines/current/제1행정실/GUIDE-144DF5D22A48_대학의 평생교육체제 지원 사업 운영 지침/한국교통대학교 대학의 평생교육체제 지원 사업 운영 지침(357호 2021.4.1.).hwp
EXACT-586032e33249,GDL-6dca56c1e6b4,exact_duplicate,GDL-6dca56c1e6b4,True,논리 버전 하나로 연결하고 출처 발생 경로 보존,sources/raw/guidelines/sources/university_guidelines/archive/GUIDE-144DF5D22A48/versions/2021-04-01_1041432/full_text/한국교통대학교 대학의 평생교육체제 지원 사업 운영 지침(357호 2021.4.1.).hwp
EXACT-592b80fe69f1,GDL-4a55b26e3d6e,exact_duplicate,GDL-4a55b26e3d6e,True,논리 버전 하나로 연결하고 출처 발생 경로 보존,sources/raw/guidelines/sources/university_guidelines/archive/GUIDE-A62B9C8E5069/versions/2016-07-01_5117/amendment_text/AO사정위원회 운영지침 개정안 160701.hwp
EXACT-59922ecf4c57,GDL-85ea26f926f5,exact_duplicate,GDL-85ea26f926f5,True,논리 버전 하나로 연결하고 출처 발생 경로 보존,sources/raw/guidelines/sources/university_guidelines/archive/GUIDE-1508BFF2B32D/versions/2016-07-28_5118/full_text/20161124교육과정및강의관리지침-홈페이지.hwp
EXACT-5a43b4a5e3d8,GDL-09e9e2c40d67,exact_duplicate,GDL-09e9e2c40d67,True,논리 버전 하나로 연결하고 출처 발생 경로 보존,sources/raw/guidelines/sources/university_guidelines/archive/GUIDE-013BFA0A6D8D/versions/2020-03-04_1031338/full_text/03. 한국교통대학교 미래융합대학 교양교육과정 편성지침(2020.3.4. 지침 제255호).hwp
EXACT-5a5061078d99,GDL-7664619720cc,exact_duplicate,GDL-7664619720cc,True,논리 버전 하나로 연결하고 출처 발생 경로 보존,sources/raw/guidelines/sources/university_guidelines/archive/GUIDE-CD80FC6243BB/versions/2024-03-06_1067644/other/국립한국교통대학교 미래융합대학 학습경험인정에 관한 지침 일부개정(안)(2024.3.6. 525호).hwp
EXACT-5a8755875398,GDL-343e3affdf72,exact_duplicate,GDL-343e3affdf72,True,논리 버전 하나로 연결하고 출처 발생 경로 보존,sources/raw/guidelines/sources/university_guidelines/archive/GUIDE-7E539D053E6C/versions/2021-01-28_1039410/amendment_reason/개정사유 및 신구조문대비표.hwp
EXACT-5ad573403d1f,GDL-2a8d06b8d2d1,exact_duplicate,GDL-2a8d06b8d2d1,True,논리 버전 하나로 연결하고 출처 발생 경로 보존,sources/raw/guidelines/sources/university_guidelines/archive/GUIDE-C6384FF073D6/versions/2021-06-09_1042971/other/한국교통대학교 3C인재 인증제 운영지침 일부개정(2021.6.9. 지침 제375호).hwp
EXACT-5b843a467394,GDL-fcaa6ade333a,exact_duplicate,GDL-fcaa6ade333a,True,논리 버전 하나로 연결하고 출처 발생 경로 보존,sources/raw/guidelines/sources/university_guidelines/archive/GUIDE-73A8548227DB/versions/2016-07-11_5128/full_text/SCI(E)급논문영문교정지원지침.pdf
EXACT-5bdc615c1884,GDL-2c5efe57624c,exact_duplicate,GDL-2c5efe57624c,True,논리 버전 하나로 연결하고 출처 발생 경로 보존,sources/raw/guidelines/sources/university_guidelines/current/취업성공지원과/GUIDE-1586BF8C8578_취업 및 창업기획운영위원회 운영 지침/한국교통대학교 취업 및 창업 기획운영위원회 운영 지침 폐지.hwp
EXACT-5bdc615c1884,GDL-2c5efe57624c,exact_duplicate,GDL-2c5efe57624c,True,논리 버전 하나로 연결하고 출처 발생 경로 보존,sources/raw/guidelines/sources/university_guidelines/archive/GUIDE-1586BF8C8578/versions/2020-07-21_1034143/full_text/한국교통대학교 취업 및 창업 기획운영위원회 운영 지침 폐지.hwp
EXACT-5c391d117819,GDL-3bbb2622ac9f,exact_duplicate,GDL-3bbb2622ac9f,True,논리 버전 하나로 연결하고 출처 발생 경로 보존,sources/raw/guidelines/sources/university_guidelines/current/재료시험인증센터(KOLAS)/GUIDE-DCF4E6EC059F_재료시험인증센터 KOLAS 운영 지침/한국교통대학교 재료시험인증센터(KOLAS) 운영 지침(2022.09.15. 지침 제446호).hwp
EXACT-5c391d117819,GDL-3bbb2622ac9f,exact_duplicate,GDL-3bbb2622ac9f,True,논리 버전 하나로 연결하고 출처 발생 경로 보존,sources/raw/guidelines/sources/university_guidelines/archive/GUIDE-DCF4E6EC059F/versions/2022-09-15_1054762/full_text/한국교통대학교 재료시험인증센터(KOLAS) 운영 지침(2022.09.15. 지침 제446호).hwp
EXACT-5c7cb247134a,GDL-f2f8b1295412,exact_duplicate,GDL-f2f8b1295412,True,논리 버전 하나로 연결하고 출처 발생 경로 보존,sources/raw/guidelines/sources/university_guidelines/archive/GUIDE-D2124BB316B4/versions/2023-10-05_1064327/amendment_reason/개정사유(한국교통대학교 학생자치기구 선거 시행세칙).hwp
EXACT-5ca47976e94f,GDL-309d9ab0dc5a,exact_duplicate,GDL-309d9ab0dc5a,True,논리 버전 하나로 연결하고 출처 발생 경로 보존,sources/raw/guidelines/sources/university_guidelines/archive/GUIDE-A12FD1E1307D/versions/2019-07-11_1025903/comparison_table/신구조문대비표.hwp
EXACT-5cbc4ace4060,GDL-c1e3e6bf93e7,exact_duplicate,GDL-c1e3e6bf93e7,True,논리 버전 하나로 연결하고 출처 발생 경로 보존,sources/raw/guidelines/sources/university_guidelines/archive/GUIDE-51C0961F9EE0/versions/2022-12-22_1057712/other/한국교통대학교 대학혁신지원사업 관리 운영 지침 일부개정(지침 제463호).hwp
EXACT-5cc03c8d48e4,GDL-bee7fa2c89a1,exact_duplicate,GDL-bee7fa2c89a1,True,논리 버전 하나로 연결하고 출처 발생 경로 보존,sources/raw/guidelines/sources/university_guidelines/current/도서관/GUIDE-3E04DE99FB21_도서관 기증자료 처리 지침/도서관 기증자료 처리 지침(지침279호2020.7.16).hwp
EXACT-5cc03c8d48e4,GDL-bee7fa2c89a1,exact_duplicate,GDL-bee7fa2c89a1,True,논리 버전 하나로 연결하고 출처 발생 경로 보존,sources/raw/guidelines/sources/university_guidelines/archive/GUIDE-3E04DE99FB21/versions/2020-07-16_1034180/full_text/도서관 기증자료 처리 지침(지침279호2020.7.16).hwp
EXACT-5d22432ec878,GDL-82399b2bdfbe,exact_duplicate,GDL-82399b2bdfbe,True,논리 버전 하나로 연결하고 출처 발생 경로 보존,sources/raw/guidelines/sources/university_guidelines/current/학사관리과/GUIDE-FBB497EA347E_전임교원 강의책임시간 감면 지침 일부/한국교통대학교 전임교원 강의책임시간 감면 지침 일부개정(안)1.hwp
EXACT-5d22432ec878,GDL-82399b2bdfbe,exact_duplicate,GDL-82399b2bdfbe,True,논리 버전 하나로 연결하고 출처 발생 경로 보존,sources/raw/guidelines/sources/university_guidelines/archive/GUIDE-FBB497EA347E/versions/2023-02-24_1059071/other/한국교통대학교 전임교원 강의책임시간 감면 지침 일부개정(안)1.hwp
EXACT-5d82239f061f,GDL-0fee367e8563,exact_duplicate,GDL-0fee367e8563,True,논리 버전 하나로 연결하고 출처 발생 경로 보존,sources/raw/guidelines/sources/university_guidelines/archive/GUIDE-28D123720567/versions/2026-07-16_1123255/full_text/의왕생활관 관생선발지침(2026.7.16. 지침 제663호).hwp
EXACT-5d86d6bf287c,GDL-f389d27f6b58,exact_duplicate,GDL-f389d27f6b58,True,논리 버전 하나로 연결하고 출처 발생 경로 보존,sources/raw/guidelines/sources/university_guidelines/current/산학협력단/GUIDE-7F7EF7B32C35_국가 연구개발사업 연구노트 관리지침/13연구노트관리지침.hwp
EXACT-5d86d6bf287c,GDL-f389d27f6b58,exact_duplicate,GDL-f389d27f6b58,True,논리 버전 하나로 연결하고 출처 발생 경로 보존,sources/raw/guidelines/sources/university_guidelines/archive/GUIDE-7F7EF7B32C35/versions/2015-04-20_5073/full_text/13연구노트관리지침.hwp
EXACT-5de22a517ea5,GDL-41128435bfe0,exact_duplicate,GDL-41128435bfe0,True,논리 버전 하나로 연결하고 출처 발생 경로 보존,sources/raw/guidelines/sources/university_guidelines/current/대학원행정지원실/GUIDE-29F725994389_대학원 해외연구생 운영 지침/한국교통대학교 대학원 해외연구생 운영 지침_20191021제정.hwp
EXACT-5de22a517ea5,GDL-41128435bfe0,exact_duplicate,GDL-41128435bfe0,True,논리 버전 하나로 연결하고 출처 발생 경로 보존,sources/raw/guidelines/sources/university_guidelines/archive/GUIDE-29F725994389/versions/2019-10-21_1027983/full_text/한국교통대학교 대학원 해외연구생 운영 지침_20191021제정.hwp
EXACT-5dfd8406e2cd,GDL-284aa69d176d,exact_duplicate,GDL-284aa69d176d,True,논리 버전 하나로 연결하고 출처 발생 경로 보존,sources/raw/guidelines/sources/university_guidelines/archive/GUIDE-10545FF5A13B/versions/2018-02-23_1018610/full_text/학습역량 비교과 프로그램 운영 지침(지침 제164호).hwp
EXACT-5e536128956d,GDL-33f7ca2c2d3e,exact_duplicate,GDL-33f7ca2c2d3e,True,논리 버전 하나로 연결하고 출처 발생 경로 보존,sources/raw/guidelines/sources/university_guidelines/current/학생과/GUIDE-7E193B1C5860_사회봉사활동 학점 인정 지침/사회봉사활동 학점 인정 지침(최종 개정).hwp
EXACT-5e536128956d,GDL-33f7ca2c2d3e,exact_duplicate,GDL-33f7ca2c2d3e,True,논리 버전 하나로 연결하고 출처 발생 경로 보존,sources/raw/guidelines/sources/university_guidelines/archive/GUIDE-7E193B1C5860/versions/2019-08-29_1026927/full_text/사회봉사활동 학점 인정 지침(최종 개정).hwp
EXACT-5e53fbb81c0c,GDL-7bd630e95c40,exact_duplicate,GDL-7bd630e95c40,True,논리 버전 하나로 연결하고 출처 발생 경로 보존,"sources/raw/guidelines/sources/university_guidelines/current/공동실험실습관/GUIDE-F3C46343E777_기자재선정자문위원회 운영 지침 ,/제103호 기자재선정자문위원회 운영 지침(알림).hwp"
EXACT-5e53fbb81c0c,GDL-7bd630e95c40,exact_duplicate,GDL-7bd630e95c40,True,논리 버전 하나로 연결하고 출처 발생 경로 보존,sources/raw/guidelines/sources/university_guidelines/archive/GUIDE-F3C46343E777/versions/2016-10-06_5122/full_text/제103호 기자재선정자문위원회 운영 지침(알림).hwp
EXACT-5ea30ab89485,GDL-fb866888334d,exact_duplicate,GDL-fb866888334d,True,논리 버전 하나로 연결하고 출처 발생 경로 보존,sources/raw/guidelines/sources/university_guidelines/archive/GUIDE-44E52876592F/versions/2019-09-01_1027492/full_text/교육연구학생지도 비용 지급에 관한 지침(2019.09.01)_개정.hwp
EXACT-5f541d756ba9,GDL-cbfd7dea910c,exact_duplicate,GDL-cbfd7dea910c,True,논리 버전 하나로 연결하고 출처 발생 경로 보존,sources/raw/guidelines/sources/university_guidelines/archive/GUIDE-D7084EE75226/versions/2020-05-20_1032827/comparison_table/신구조문대비표.hwp
EXACT-5fe4e1de9036,GDL-cbfd7dea910c,exact_duplicate,GDL-cbfd7dea910c,True,논리 버전 하나로 연결하고 출처 발생 경로 보존,sources/raw/guidelines/sources/university_guidelines/current/학사관리과/GUIDE-D7084EE75226_졸업자격인증제 운영 지침 일부/한국교통대학교 졸업자격인증제 운영 지침.hwp
EXACT-5fe4e1de9036,GDL-cbfd7dea910c,exact_duplicate,GDL-cbfd7dea910c,True,논리 버전 하나로 연결하고 출처 발생 경로 보존,sources/raw/guidelines/sources/university_guidelines/archive/GUIDE-D7084EE75226/versions/2020-05-20_1032827/full_text/한국교통대학교 졸업자격인증제 운영 지침.hwp
EXACT-5fee3354eab3,GDL-cc6c7f3a04fa,exact_duplicate,GDL-cc6c7f3a04fa,True,논리 버전 하나로 연결하고 출처 발생 경로 보존,sources/raw/guidelines/sources/university_guidelines/current/산학협력단/GUIDE-955E50C41ABD_산학협력단 부속기관 설치·운영 지침/한국교통대학교 산학협력단 부속기관 설치·운영 지침(제434호 2022-07-06).hwp
EXACT-5fee3354eab3,GDL-cc6c7f3a04fa,exact_duplicate,GDL-cc6c7f3a04fa,True,논리 버전 하나로 연결하고 출처 발생 경로 보존,sources/raw/guidelines/sources/university_guidelines/archive/GUIDE-955E50C41ABD/versions/2022-07-06_1053408/full_text/한국교통대학교 산학협력단 부속기관 설치·운영 지침(제434호 2022-07-06).hwp
EXACT-60f596410b0b,GDL-60abf43f0cff,exact_duplicate,GDL-60abf43f0cff,True,논리 버전 하나로 연결하고 출처 발생 경로 보존,sources/raw/guidelines/sources/university_guidelines/current/4단계 BK21 사업/GUIDE-30BCAFD1381E_4단계 BK21 사업 친환경·스마트 미래교통 연구단 운영 지침/4단계 BK21 사업 운영 지침 제정(2022.12.30. 지침 제466호).hwp
EXACT-60f596410b0b,GDL-60abf43f0cff,exact_duplicate,GDL-60abf43f0cff,True,논리 버전 하나로 연결하고 출처 발생 경로 보존,sources/raw/guidelines/sources/university_guidelines/archive/GUIDE-30BCAFD1381E/versions/2022-12-30_1057871/full_text/4단계 BK21 사업 운영 지침 제정(2022.12.30. 지침 제466호).hwp
EXACT-636663f77a26,GDL-0aa3966ebd43,exact_duplicate,GDL-0aa3966ebd43,True,논리 버전 하나로 연결하고 출처 발생 경로 보존,sources/raw/guidelines/sources/university_guidelines/current/학사관리과/GUIDE-0D9AE746E198_원격수업 운영지침 일부/원격수업 운영지침 일부 개정(안)(2022.10.20.지침제451호).hwp
EXACT-636663f77a26,GDL-0aa3966ebd43,exact_duplicate,GDL-0aa3966ebd43,True,논리 버전 하나로 연결하고 출처 발생 경로 보존,sources/raw/guidelines/sources/university_guidelines/archive/GUIDE-0D9AE746E198/versions/2022-10-20_1055697/full_text/원격수업 운영지침 일부 개정(안)(2022.10.20.지침제451호).hwp
EXACT-63fe3d72beb1,GDL-ae9c6836aa03,exact_duplicate,GDL-ae9c6836aa03,True,논리 버전 하나로 연결하고 출처 발생 경로 보존,sources/raw/guidelines/sources/university_guidelines/current/대학교육혁신원/GUIDE-5E48DE8417CF_학습역량 비교과 프로그램 운영지침/학습역량 비교과 프로그램 운영 지침.hwp
EXACT-63fe3d72beb1,GDL-ae9c6836aa03,exact_duplicate,GDL-ae9c6836aa03,True,논리 버전 하나로 연결하고 출처 발생 경로 보존,sources/raw/guidelines/sources/university_guidelines/archive/GUIDE-5E48DE8417CF/versions/2024-06-10_1070730/full_text/학습역량 비교과 프로그램 운영 지침.hwp
EXACT-64cbcbfbd178,GDL-1cb62403f911,exact_duplicate,GDL-1cb62403f911,True,논리 버전 하나로 연결하고 출처 발생 경로 보존,sources/raw/guidelines/sources/university_guidelines/archive/GUIDE-40B3417856BD/versions/2020-12-01_1037680/full_text/한국교통대학교 공무원 인사 지침(2020.12.1.공포 지침 제313호).hwp
EXACT-64e5577e17fa,GDL-5747bdd3f14f,exact_duplicate,GDL-5747bdd3f14f,True,논리 버전 하나로 연결하고 출처 발생 경로 보존,sources/raw/guidelines/sources/university_guidelines/current/총무과/GUIDE-A65F3DC8563F_일상감사 지침 일부/(제564호)국립한국교통대학교 일상감사 지침 일부개정.hwp
EXACT-64e5577e17fa,GDL-5747bdd3f14f,exact_duplicate,GDL-5747bdd3f14f,True,논리 버전 하나로 연결하고 출처 발생 경로 보존,sources/raw/guidelines/sources/university_guidelines/archive/GUIDE-A65F3DC8563F/versions/2024-07-25_1071993/other/(제564호)국립한국교통대학교 일상감사 지침 일부개정.hwp
EXACT-6500518127e2,GDL-d795ba5c8eb7,exact_duplicate,GDL-d795ba5c8eb7,True,논리 버전 하나로 연결하고 출처 발생 경로 보존,sources/raw/guidelines/sources/university_guidelines/archive/GUIDE-0569F1E586C1/versions/2021-04-28_1042001/other/한국교통대학교 행정조직 팀제 운영지침 일부개정(2021. 4. 28. 지침 제360호).hwp
EXACT-650ae89f3a81,GDL-f0513d11780b,exact_duplicate,GDL-f0513d11780b,True,논리 버전 하나로 연결하고 출처 발생 경로 보존,sources/raw/guidelines/sources/university_guidelines/archive/GUIDE-DB05065263B2/versions/2017-05-01_1008365/full_text/20170501_한국교통대학교 부서평가 지침.hwp
EXACT-65620631459d,GDL-e8fdc32237a0,exact_duplicate,GDL-e8fdc32237a0,True,논리 버전 하나로 연결하고 출처 발생 경로 보존,sources/raw/guidelines/sources/university_guidelines/current/TSAFE사업단/GUIDE-94891A1C818F_지역 중소기업 R&D 산업인턴지원사업 운영 지침/한국교통대학교 지역 중소기업 R&D 산업인턴지원사업 운영 지침 (2022.06.13. 지침 제432호).hwp
EXACT-65620631459d,GDL-e8fdc32237a0,exact_duplicate,GDL-e8fdc32237a0,True,논리 버전 하나로 연결하고 출처 발생 경로 보존,sources/raw/guidelines/sources/university_guidelines/archive/GUIDE-94891A1C818F/versions/2022-06-13_1059469/full_text/한국교통대학교 지역 중소기업 R&D 산업인턴지원사업 운영 지침 (2022.06.13. 지침 제432호).hwp
EXACT-65e655ab8e57,GDL-868f2a0c4e64,exact_duplicate,GDL-868f2a0c4e64,True,논리 버전 하나로 연결하고 출처 발생 경로 보존,sources/raw/guidelines/sources/university_guidelines/current/학사관리과/GUIDE-120C5F92F491_K MOOC강좌 이수에 대한 학점인정 지침/K-MOOC강좌 이수에 대한 학점인정 지침.hwp
EXACT-65e655ab8e57,GDL-868f2a0c4e64,exact_duplicate,GDL-868f2a0c4e64,True,논리 버전 하나로 연결하고 출처 발생 경로 보존,sources/raw/guidelines/sources/university_guidelines/archive/GUIDE-120C5F92F491/versions/2017-09-06_1010972/full_text/K-MOOC강좌 이수에 대한 학점인정 지침.hwp
EXACT-6677c29dc459,GDL-c1f101ac4fd3,exact_duplicate,GDL-c1f101ac4fd3,True,논리 버전 하나로 연결하고 출처 발생 경로 보존,sources/raw/guidelines/sources/university_guidelines/current/LINC3.0사업단/GUIDE-6AE0F920615C_특화산업 및 지역산업 연계 기업협업센터 ICC 운영지침/한국교통대학교 특화산업 및 지역산업 연계 기업협업센터(ICC) 운영지침 일부개정(2023.6.8.지침제490호)).hwp
EXACT-6677c29dc459,GDL-c1f101ac4fd3,exact_duplicate,GDL-c1f101ac4fd3,True,논리 버전 하나로 연결하고 출처 발생 경로 보존,sources/raw/guidelines/sources/university_guidelines/archive/GUIDE-6AE0F920615C/versions/2023-06-08_1061312/other/한국교통대학교 특화산업 및 지역산업 연계 기업협업센터(ICC) 운영지침 일부개정(2023.6.8.지침제490호)).hwp
EXACT-669dbb417e60,GDL-b2e69b89f754,exact_duplicate,GDL-b2e69b89f754,True,논리 버전 하나로 연결하고 출처 발생 경로 보존,sources/raw/guidelines/sources/university_guidelines/archive/GUIDE-85D7B765E265/versions/2025-09-07_1082409/full_text/국립한국교통대학교 전임교원 강의책임시간 감면 지침.hwp
EXACT-67538c111bcf,GDL-8f31749cd508,exact_duplicate,GDL-8f31749cd508,True,논리 버전 하나로 연결하고 출처 발생 경로 보존,sources/raw/guidelines/sources/university_guidelines/archive/GUIDE-21E17C5256BC/versions/2015-11-02_5101/full_text/15 0824 산학협동교육 운영에 관한 지침 개정 사유 및 신구대조표.hwp
EXACT-679af4dbe5e2,GDL-b784a269717a,exact_duplicate,GDL-b784a269717a,True,논리 버전 하나로 연결하고 출처 발생 경로 보존,sources/raw/guidelines/sources/university_guidelines/current/총무과/GUIDE-911CEE87686F_교직원 행동강령/한국교통대학교 교직원 행동강령(2020.8.24. 지침 제290호).hwp
EXACT-679af4dbe5e2,GDL-b784a269717a,exact_duplicate,GDL-b784a269717a,True,논리 버전 하나로 연결하고 출처 발생 경로 보존,sources/raw/guidelines/sources/university_guidelines/archive/GUIDE-911CEE87686F/versions/2020-08-24_1035093/full_text/한국교통대학교 교직원 행동강령(2020.8.24. 지침 제290호).hwp
EXACT-6852894aba73,GDL-3343e8906ba3,exact_duplicate,GDL-3343e8906ba3,True,논리 버전 하나로 연결하고 출처 발생 경로 보존,sources/raw/guidelines/sources/university_guidelines/current/학사관리과/GUIDE-4E8DAA2141E2_학사학위취득의 유예에 관한 운영 지침/한국교통대학교 학사학위취득의 유예에 관한 운영 지침.hwp
EXACT-6852894aba73,GDL-3343e8906ba3,exact_duplicate,GDL-3343e8906ba3,True,논리 버전 하나로 연결하고 출처 발생 경로 보존,sources/raw/guidelines/sources/university_guidelines/archive/GUIDE-4E8DAA2141E2/versions/2020-01-06_1029489/full_text/한국교통대학교 학사학위취득의 유예에 관한 운영 지침.hwp
EXACT-68d5f8246c37,GDL-1bff554da922,exact_duplicate,GDL-1bff554da922,True,논리 버전 하나로 연결하고 출처 발생 경로 보존,sources/raw/guidelines/sources/university_guidelines/current/도서관/GUIDE-DB1F60D3EAD7_도서관회원 운영 지침/한국교통대학교 도서관회원 운영 지침.hwp
EXACT-68d5f8246c37,GDL-1bff554da922,exact_duplicate,GDL-1bff554da922,True,논리 버전 하나로 연결하고 출처 발생 경로 보존,sources/raw/guidelines/sources/university_guidelines/archive/GUIDE-DB1F60D3EAD7/versions/2020-08-13_1034883/full_text/한국교통대학교 도서관회원 운영 지침.hwp
EXACT-68ef70ef2653,GDL-343e3affdf72,exact_duplicate,GDL-343e3affdf72,True,논리 버전 하나로 연결하고 출처 발생 경로 보존,sources/raw/guidelines/sources/university_guidelines/archive/GUIDE-7E539D053E6C/versions/2020-03-04_1031353/full_text/한국교통대학교 교양교육과정 편성지침.hwp
EXACT-69bcf646d9f1,GDL-6a2ea11e9372,exact_duplicate,GDL-6a2ea11e9372,True,논리 버전 하나로 연결하고 출처 발생 경로 보존,sources/raw/guidelines/sources/university_guidelines/current/총무과/GUIDE-19EEF13AFD29_일상감사 지침/한국교통대학교 일상감사 지침.hwp
EXACT-69bcf646d9f1,GDL-6a2ea11e9372,exact_duplicate,GDL-6a2ea11e9372,True,논리 버전 하나로 연결하고 출처 발생 경로 보존,sources/raw/guidelines/sources/university_guidelines/archive/GUIDE-19EEF13AFD29/versions/2015-11-05_5102/full_text/한국교통대학교 일상감사 지침.hwp
EXACT-69c049bb6a07,GDL-9c9e3914231c,exact_duplicate,GDL-9c9e3914231c,True,논리 버전 하나로 연결하고 출처 발생 경로 보존,sources/raw/guidelines/sources/university_guidelines/current/증평생활관/GUIDE-DC9C3ACD4CAC_증평생활관 지침/증평생활관 숙박시설 관리운영 세부시행지침(2019. 3. 18. 제194호).hwp
EXACT-69c049bb6a07,GDL-9c9e3914231c,exact_duplicate,GDL-9c9e3914231c,True,논리 버전 하나로 연결하고 출처 발생 경로 보존,sources/raw/guidelines/sources/university_guidelines/archive/GUIDE-DC9C3ACD4CAC/versions/2019-03-18_1023710/full_text/증평생활관 숙박시설 관리운영 세부시행지침(2019. 3. 18. 제194호).hwp
EXACT-69c68ad86211,GDL-def4cb27d978,exact_duplicate,GDL-def4cb27d978,True,논리 버전 하나로 연결하고 출처 발생 경로 보존,sources/raw/guidelines/sources/university_guidelines/archive/GUIDE-19AA0C0541F0/versions/2012-03-01_5098/full_text/한국교통대학교 정책연구과제 관리 지침 개정(2012.3.1.).hwp
EXACT-69d167ac4d7a,GDL-b3738e1b5e9c,exact_duplicate,GDL-b3738e1b5e9c,True,논리 버전 하나로 연결하고 출처 발생 경로 보존,sources/raw/guidelines/sources/university_guidelines/current/학사관리과/GUIDE-C8803763FBB1_학과 전공 산관학협의회 지침/한국교통대학교 학과(전공)산관학협의회 지침.hwp
EXACT-69d167ac4d7a,GDL-b3738e1b5e9c,exact_duplicate,GDL-b3738e1b5e9c,True,논리 버전 하나로 연결하고 출처 발생 경로 보존,sources/raw/guidelines/sources/university_guidelines/archive/GUIDE-C8803763FBB1/versions/2019-06-10_1025165/full_text/한국교통대학교 학과(전공)산관학협의회 지침.hwp
EXACT-69fd3cf2c70d,GDL-9e444aafc07a,exact_duplicate,GDL-9e444aafc07a,True,논리 버전 하나로 연결하고 출처 발생 경로 보존,sources/raw/guidelines/sources/university_guidelines/archive/GUIDE-14C687D37715/versions/2016-06-15_5113/full_text/교원 성과급적 연봉제 및 교원 업적평가 운영지침.hwp
EXACT-6a8be6449b74,GDL-d3277ff19980,exact_duplicate,GDL-d3277ff19980,True,논리 버전 하나로 연결하고 출처 발생 경로 보존,sources/raw/guidelines/sources/university_guidelines/current/학사관리과/GUIDE-013DFECC88F6_교육과정 편성지침/한국교통대학교 교육과정 편성지침.hwp
EXACT-6a8be6449b74,GDL-d3277ff19980,exact_duplicate,GDL-d3277ff19980,True,논리 버전 하나로 연결하고 출처 발생 경로 보존,sources/raw/guidelines/sources/university_guidelines/archive/GUIDE-013DFECC88F6/versions/2021-08-09_1044197/full_text/한국교통대학교 교육과정 편성지침.hwp
EXACT-6a8c040989af,GDL-d24445499d21,exact_duplicate,GDL-d24445499d21,True,논리 버전 하나로 연결하고 출처 발생 경로 보존,sources/raw/guidelines/sources/university_guidelines/current/학사관리과/GUIDE-85C016CB41CA_강의 관리 지침 일부/한국교통대학교 강의 관리 지침 일부 개정(2021.12.14. 지침 제405호).hwp
EXACT-6a8c040989af,GDL-d24445499d21,exact_duplicate,GDL-d24445499d21,True,논리 버전 하나로 연결하고 출처 발생 경로 보존,sources/raw/guidelines/sources/university_guidelines/archive/GUIDE-85C016CB41CA/versions/2021-12-14_1047787/full_text/한국교통대학교 강의 관리 지침 일부 개정(2021.12.14. 지침 제405호).hwp
EXACT-6b4fca3ac010,GDL-343e3affdf72,exact_duplicate,GDL-343e3affdf72,True,논리 버전 하나로 연결하고 출처 발생 경로 보존,sources/raw/guidelines/sources/university_guidelines/archive/GUIDE-7E539D053E6C/versions/2018-01-17_1013901/full_text/한국교통대학교 교양교육과정 편성지침.hwp
EXACT-6cfc12e32c9d,GDL-371a91f4fee0,exact_duplicate,GDL-371a91f4fee0,True,논리 버전 하나로 연결하고 출처 발생 경로 보존,sources/raw/guidelines/sources/university_guidelines/archive/GUIDE-DAF5A165E7DD/versions/2021-04-08_1041458/full_text/철도HRD센터 운영지침(제355호).hwp
EXACT-6d59d4b11741,GDL-4cca76bcc4ce,exact_duplicate,GDL-4cca76bcc4ce,True,논리 버전 하나로 연결하고 출처 발생 경로 보존,sources/raw/guidelines/sources/university_guidelines/archive/GUIDE-A6F09F22A73A/versions/2018-04-25_1016634/full_text/교육공무원 복무처리 요령(지침 제168호 2018.4.25.).hwp
EXACT-6d847aaa01d4,GDL-def4cb27d978,exact_duplicate,GDL-def4cb27d978,True,논리 버전 하나로 연결하고 출처 발생 경로 보존,sources/raw/guidelines/sources/university_guidelines/archive/GUIDE-19AA0C0541F0/versions/2022-01-07_1048449/full_text/한국교통대학교 정책연구과제 관리 지침 개정(안).hwp
EXACT-6e1f9db4775f,GDL-be86f4cd3cbe,exact_duplicate,GDL-be86f4cd3cbe,True,논리 버전 하나로 연결하고 출처 발생 경로 보존,"sources/raw/guidelines/sources/university_guidelines/current/국제교류본부/GUIDE-0C912A856073_KNUT 글로벌 인재 연수 프로그램 운영 지침 ,/KNUT 글로벌 인재 연수 프로그램 운영 지침(공포).hwp"
EXACT-6e1f9db4775f,GDL-be86f4cd3cbe,exact_duplicate,GDL-be86f4cd3cbe,True,논리 버전 하나로 연결하고 출처 발생 경로 보존,sources/raw/guidelines/sources/university_guidelines/archive/GUIDE-0C912A856073/versions/2019-10-15_1028214/full_text/KNUT 글로벌 인재 연수 프로그램 운영 지침(공포).hwp
EXACT-6ea545fc3083,GDL-343e3affdf72,exact_duplicate,GDL-343e3affdf72,True,논리 버전 하나로 연결하고 출처 발생 경로 보존,sources/raw/guidelines/sources/university_guidelines/archive/GUIDE-7E539D053E6C/versions/2019-07-10_1025833/comparison_table/한국교통대학교 교양교육과정 편성지침 신구조문대비표.hwp
EXACT-6edf106ed9e9,GDL-58f23ff8ca5c,exact_duplicate,GDL-58f23ff8ca5c,True,논리 버전 하나로 연결하고 출처 발생 경로 보존,sources/raw/guidelines/sources/university_guidelines/current/총장임용추천위원회/GUIDE-706FDF5F2655_총장임용입후보자 연구진실성 검증을 위한 조사위원회 구성 및 운영에 관한 세칙/총장임용입후보자 연구진실성 검증을 위한 조사위원회 구성 및 운영에 관한 세칙 일부개정(2022.11.11. 지침 제435호).hwp
EXACT-6edf106ed9e9,GDL-58f23ff8ca5c,exact_duplicate,GDL-58f23ff8ca5c,True,논리 버전 하나로 연결하고 출처 발생 경로 보존,sources/raw/guidelines/sources/university_guidelines/archive/GUIDE-706FDF5F2655/versions/2022-11-11_1056571/other/총장임용입후보자 연구진실성 검증을 위한 조사위원회 구성 및 운영에 관한 세칙 일부개정(2022.11.11. 지침 제435호).hwp
EXACT-6f4a6c2b5625,GDL-d795ba5c8eb7,exact_duplicate,GDL-d795ba5c8eb7,True,논리 버전 하나로 연결하고 출처 발생 경로 보존,sources/raw/guidelines/sources/university_guidelines/archive/GUIDE-0569F1E586C1/versions/2021-10-28_1046436/other/한국교통대학교 행정조직 팀제 운영지침 일부개정(2021.10.29.지침 제393호).hwp
EXACT-6f99802be164,GDL-6d781a036cac,exact_duplicate,GDL-6d781a036cac,True,논리 버전 하나로 연결하고 출처 발생 경로 보존,sources/raw/guidelines/sources/university_guidelines/current/산학협력단/GUIDE-BC0AC2DE0725_산학협력정보담당관 운영 지침/6. 국립한국교통대학교 산학협력정보담당관 운영 지침_544호.hwp
EXACT-6f99802be164,GDL-6d781a036cac,exact_duplicate,GDL-6d781a036cac,True,논리 버전 하나로 연결하고 출처 발생 경로 보존,sources/raw/guidelines/sources/university_guidelines/archive/GUIDE-BC0AC2DE0725/versions/2024-05-09_1069414/full_text/6. 국립한국교통대학교 산학협력정보담당관 운영 지침_544호.hwp
EXACT-6fdfbd2ecef2,GDL-b2e69b89f754,exact_duplicate,GDL-b2e69b89f754,True,논리 버전 하나로 연결하고 출처 발생 경로 보존,sources/raw/guidelines/sources/university_guidelines/archive/GUIDE-85D7B765E265/versions/2022-11-23_1056846/other/한국교통대학교 전임교원 강의책임시간 감면 지침 일부개정(안)(2022.11.23.지침 제456호).hwp
EXACT-718a9852ea9e,GDL-343e3affdf72,exact_duplicate,GDL-343e3affdf72,True,논리 버전 하나로 연결하고 출처 발생 경로 보존,sources/raw/guidelines/sources/university_guidelines/archive/GUIDE-7E539D053E6C/versions/2022-01-06_1048439/full_text/한국교통대학교 교양교육과정 편성지침.hwp
EXACT-729c1a392342,GDL-e4f7344f8716,exact_duplicate,GDL-e4f7344f8716,True,논리 버전 하나로 연결하고 출처 발생 경로 보존,sources/raw/guidelines/sources/university_guidelines/archive/GUIDE-801125AD540F/versions/2017-08-28_1010682/full_text/강의 관리 지침.hwp
EXACT-72c2e3c918b5,GDL-cf67514debf1,exact_duplicate,GDL-cf67514debf1,True,논리 버전 하나로 연결하고 출처 발생 경로 보존,sources/raw/guidelines/sources/university_guidelines/current/산학협력단/GUIDE-6219A7B1742B_학술연구 논문게재 등 지원지침/4. 학술연구(논문게재등)지원지침_542호.hwp
EXACT-72c2e3c918b5,GDL-cf67514debf1,exact_duplicate,GDL-cf67514debf1,True,논리 버전 하나로 연결하고 출처 발생 경로 보존,sources/raw/guidelines/sources/university_guidelines/archive/GUIDE-6219A7B1742B/versions/2024-05-09_1069412/full_text/4. 학술연구(논문게재등)지원지침_542호.hwp
EXACT-733589c9f882,GDL-67f31fdb7fc8,exact_duplicate,GDL-67f31fdb7fc8,True,논리 버전 하나로 연결하고 출처 발생 경로 보존,sources/raw/guidelines/sources/university_guidelines/archive/GUIDE-9419508E3700/versions/2024-12-24_1076014/full_text/1. 국립한국교통대학교 학과평가 지침(2024.12.24 지침 제583호).hwp
EXACT-73a8965f751e,GDL-343e3affdf72,exact_duplicate,GDL-343e3affdf72,True,논리 버전 하나로 연결하고 출처 발생 경로 보존,sources/raw/guidelines/sources/university_guidelines/archive/GUIDE-7E539D053E6C/versions/2021-04-22_1041876/amendment_reason/개정사유 및 신구조문대비표.hwp
EXACT-73b555306ff1,GDL-58f23ff8ca5c,exact_duplicate,GDL-58f23ff8ca5c,True,논리 버전 하나로 연결하고 출처 발생 경로 보존,sources/raw/guidelines/sources/university_guidelines/archive/GUIDE-706FDF5F2655/versions/2018-01-09_1013404/other/총장임용입후보자 연구진실성 검증을 위한 조사위원회 구성 및 운영에 관한 세칙 제정(제150호).hwp
EXACT-755c813eb35c,GDL-343e3affdf72,exact_duplicate,GDL-343e3affdf72,True,논리 버전 하나로 연결하고 출처 발생 경로 보존,sources/raw/guidelines/sources/university_guidelines/archive/GUIDE-7E539D053E6C/versions/2022-01-06_1048439/amendment_reason/개정사유 및 신구조문대비표.hwp
EXACT-75a0e3667c4b,GDL-ac0f14063c5a,exact_duplicate,GDL-ac0f14063c5a,True,논리 버전 하나로 연결하고 출처 발생 경로 보존,sources/raw/guidelines/sources/university_guidelines/archive/GUIDE-AEA00C225CDC/versions/2023-10-02_1063828/other/한국교통대학교 전임교원 신규채용 전형지침 일부개정.hwp
EXACT-75d532174a1f,GDL-bd2fb46667a7,exact_duplicate,GDL-bd2fb46667a7,True,논리 버전 하나로 연결하고 출처 발생 경로 보존,sources/raw/guidelines/sources/university_guidelines/current/산학협력단/GUIDE-4F6ABD6A0FCB_연구비관리규정 세부시행지침/1. 국립한국교통대학교 연구비관리규정 세부시행지침_539호.hwp
EXACT-75d532174a1f,GDL-bd2fb46667a7,exact_duplicate,GDL-bd2fb46667a7,True,논리 버전 하나로 연결하고 출처 발생 경로 보존,sources/raw/guidelines/sources/university_guidelines/archive/GUIDE-4F6ABD6A0FCB/versions/2024-05-09_1069409/full_text/1. 국립한국교통대학교 연구비관리규정 세부시행지침_539호.hwp
EXACT-75f0a5771183,GDL-01b8500a56e3,exact_duplicate,GDL-01b8500a56e3,True,논리 버전 하나로 연결하고 출처 발생 경로 보존,sources/raw/guidelines/sources/university_guidelines/current/재무과/GUIDE-3633180841E4_대학회계 예·결산실무위원회 운영지침/개정-대학회계 예결산실무위원회 운영지침.hwp
EXACT-75f0a5771183,GDL-01b8500a56e3,exact_duplicate,GDL-01b8500a56e3,True,논리 버전 하나로 연결하고 출처 발생 경로 보존,sources/raw/guidelines/sources/university_guidelines/archive/GUIDE-3633180841E4/versions/2017-06-07_1008754/full_text/개정-대학회계 예결산실무위원회 운영지침.hwp
EXACT-765fe866bdb1,GDL-3c01fdfe8ad6,exact_duplicate,GDL-3c01fdfe8ad6,True,논리 버전 하나로 연결하고 출처 발생 경로 보존,sources/raw/guidelines/sources/university_guidelines/current/제1행정실/GUIDE-B4044BAB1B34_평생교육운영위원회 지침/05. 한국교통대학교 평생교육운영위원회 지침(2020.  1. 16. 지침 제246호).hwp
EXACT-765fe866bdb1,GDL-3c01fdfe8ad6,exact_duplicate,GDL-3c01fdfe8ad6,True,논리 버전 하나로 연결하고 출처 발생 경로 보존,sources/raw/guidelines/sources/university_guidelines/archive/GUIDE-B4044BAB1B34/versions/2020-01-16_1030060/full_text/05. 한국교통대학교 평생교육운영위원회 지침(2020.  1. 16. 지침 제246호).hwp
EXACT-766d9210aa80,GDL-d3277ff19980,exact_duplicate,GDL-d3277ff19980,True,논리 버전 하나로 연결하고 출처 발생 경로 보존,sources/raw/guidelines/sources/university_guidelines/archive/GUIDE-013DFECC88F6/versions/2017-07-11_1009562/full_text/한국교통대학교 교육과정 편성지침(2017.7.11).hwp
EXACT-76d9dc5f6839,GDL-092ab79bbc6e,exact_duplicate,GDL-092ab79bbc6e,True,논리 버전 하나로 연결하고 출처 발생 경로 보존,"sources/raw/guidelines/sources/university_guidelines/current/교무과/GUIDE-115F97049E5D_강사 인사 등에 관한 지침 ,/(제465호) 한국교통대학교 강사 인사 등에 관한 지침 일부개정.hwp"
EXACT-76d9dc5f6839,GDL-092ab79bbc6e,exact_duplicate,GDL-092ab79bbc6e,True,논리 버전 하나로 연결하고 출처 발생 경로 보존,sources/raw/guidelines/sources/university_guidelines/archive/GUIDE-115F97049E5D/versions/2022-12-30_1057876/other/(제465호) 한국교통대학교 강사 인사 등에 관한 지침 일부개정.hwp
EXACT-76fb135745cd,GDL-cf67514debf1,exact_duplicate,GDL-cf67514debf1,True,논리 버전 하나로 연결하고 출처 발생 경로 보존,sources/raw/guidelines/sources/university_guidelines/archive/GUIDE-6219A7B1742B/versions/2016-04-08_5126/full_text/학술연구(논문게재-등)지원지침.pdf
EXACT-7707d0650f20,GDL-8996d767d6e8,exact_duplicate,GDL-8996d767d6e8,True,논리 버전 하나로 연결하고 출처 발생 경로 보존,sources/raw/guidelines/sources/university_guidelines/archive/GUIDE-A171780FE5F6/versions/2017-08-17_1010494/full_text/교육수요자 만족도 관리 지침(개정 2017.8.17. 지침 제124호).hwp
EXACT-7761b93a4961,GDL-c0a7d3a624a2,exact_duplicate,GDL-c0a7d3a624a2,True,논리 버전 하나로 연결하고 출처 발생 경로 보존,sources/raw/guidelines/sources/university_guidelines/current/제2행정실/GUIDE-F775D6141E59_대학원 학생 포상지침/대학원 학생 포상지침(2018.01.22 지침 제155호).hwp
EXACT-7761b93a4961,GDL-c0a7d3a624a2,exact_duplicate,GDL-c0a7d3a624a2,True,논리 버전 하나로 연결하고 출처 발생 경로 보존,sources/raw/guidelines/sources/university_guidelines/archive/GUIDE-F775D6141E59/versions/2018-01-22_1034522/full_text/대학원 학생 포상지침(2018.01.22 지침 제155호).hwp
EXACT-790564aea267,GDL-fb866888334d,exact_duplicate,GDL-fb866888334d,True,논리 버전 하나로 연결하고 출처 발생 경로 보존,sources/raw/guidelines/sources/university_guidelines/archive/GUIDE-44E52876592F/versions/2021-06-30_1043467/full_text/한국교통대학교 교육연구학생지도 비용 지급에 관한 지침(제380호)_20210630.hwp
EXACT-79b79c4f178a,GDL-8d62b686b62e,exact_duplicate,GDL-8d62b686b62e,True,논리 버전 하나로 연결하고 출처 발생 경로 보존,sources/raw/guidelines/sources/university_guidelines/current/산학협력단/GUIDE-289ABEA65CB2_산학협력단 계약직원 운영 지침/한국교통대학교 산학협력단 계약직원 운영 지침 제정.hwp
EXACT-79b79c4f178a,GDL-8d62b686b62e,exact_duplicate,GDL-8d62b686b62e,True,논리 버전 하나로 연결하고 출처 발생 경로 보존,sources/raw/guidelines/sources/university_guidelines/archive/GUIDE-289ABEA65CB2/versions/2021-03-02_1040495/full_text/한국교통대학교 산학협력단 계약직원 운영 지침 제정.hwp
EXACT-7a7d5430990a,GDL-6dca56c1e6b4,exact_duplicate,GDL-6dca56c1e6b4,True,논리 버전 하나로 연결하고 출처 발생 경로 보존,sources/raw/guidelines/sources/university_guidelines/archive/GUIDE-334752E393FA/versions/2024-05-07_1069258/other/국립한국교통대학교 대학의 평생교육체제지원사업 운영지침 일부개정(2024. 5. 7. 지침 제537호).hwp
EXACT-7b7eba06319d,GDL-fd22c9b18b3e,exact_duplicate,GDL-fd22c9b18b3e,True,논리 버전 하나로 연결하고 출처 발생 경로 보존,sources/raw/guidelines/sources/university_guidelines/archive/GUIDE-144DF5D22A48/versions/2023-05-25_1061054/other/한국교통대학교 대학의 평생교육체제지원사업 운영지침 일부개정(2023.5.25. 지침제488호).hwp
EXACT-7b925bd621c0,GDL-343e3affdf72,exact_duplicate,GDL-343e3affdf72,True,논리 버전 하나로 연결하고 출처 발생 경로 보존,sources/raw/guidelines/sources/university_guidelines/archive/GUIDE-7E539D053E6C/versions/2021-06-28_1043348/amendment_reason/개정사유 및 신구조문대비표.hwp
EXACT-7bde85180bec,GDL-67f31fdb7fc8,exact_duplicate,GDL-67f31fdb7fc8,True,논리 버전 하나로 연결하고 출처 발생 경로 보존,sources/raw/guidelines/sources/university_guidelines/archive/GUIDE-9419508E3700/versions/2015-02-25_5097/full_text/한국교통대학교 학과평가 지침(2015.02.25.).hwp
EXACT-7c62e231b1c3,GDL-fb866888334d,exact_duplicate,GDL-fb866888334d,True,논리 버전 하나로 연결하고 출처 발생 경로 보존,sources/raw/guidelines/sources/university_guidelines/archive/GUIDE-44E52876592F/versions/2021-01-15_1039039/full_text/교육연구학생지도 비용 지급에 관한 지침(2021.01.15).hwp
EXACT-7c7b35609a8d,GDL-cc43c0255c1e,exact_duplicate,GDL-cc43c0255c1e,True,논리 버전 하나로 연결하고 출처 발생 경로 보존,sources/raw/guidelines/sources/university_guidelines/current/산학협력단/GUIDE-96AED64D0544_산학협력단 팀제 운영 지침/한국교통대학교 산학협력단 팀제 운영 지침(2022.11.29. 지침 제461호).hwp
EXACT-7c7b35609a8d,GDL-cc43c0255c1e,exact_duplicate,GDL-cc43c0255c1e,True,논리 버전 하나로 연결하고 출처 발생 경로 보존,sources/raw/guidelines/sources/university_guidelines/archive/GUIDE-96AED64D0544/versions/2022-11-29_1057128/full_text/한국교통대학교 산학협력단 팀제 운영 지침(2022.11.29. 지침 제461호).hwp
EXACT-7cded7975f22,GDL-b9048b415d3b,exact_duplicate,GDL-b9048b415d3b,True,논리 버전 하나로 연결하고 출처 발생 경로 보존,sources/raw/guidelines/sources/university_guidelines/current/입학관리본부/GUIDE-3EB5136388DD_입학사정관제 공정성 확보시스템 운영지침/입학사정관제 공정성 확보시스템 운영지침.hwp
EXACT-7cded7975f22,GDL-b9048b415d3b,exact_duplicate,GDL-b9048b415d3b,True,논리 버전 하나로 연결하고 출처 발생 경로 보존,sources/raw/guidelines/sources/university_guidelines/archive/GUIDE-3EB5136388DD/versions/2015-04-21_5080/full_text/입학사정관제 공정성 확보시스템 운영지침.hwp
EXACT-7ce42e04c07d,GDL-6bbbd2faa8a4,exact_duplicate,GDL-6bbbd2faa8a4,True,논리 버전 하나로 연결하고 출처 발생 경로 보존,sources/raw/guidelines/sources/university_guidelines/current/국제교류본부/GUIDE-03B4BC37B98A_국제교류본부 어학원 운영 지침/한국교통대학교 국제교류본부 어학원 운영 지침.hwp
EXACT-7ce42e04c07d,GDL-6bbbd2faa8a4,exact_duplicate,GDL-6bbbd2faa8a4,True,논리 버전 하나로 연결하고 출처 발생 경로 보존,sources/raw/guidelines/sources/university_guidelines/archive/GUIDE-03B4BC37B98A/versions/2020-10-22_1034509/full_text/한국교통대학교 국제교류본부 어학원 운영 지침.hwp
EXACT-7d97fa18334b,GDL-8996d767d6e8,exact_duplicate,GDL-8996d767d6e8,True,논리 버전 하나로 연결하고 출처 발생 경로 보존,sources/raw/guidelines/sources/university_guidelines/archive/GUIDE-A171780FE5F6/versions/2026-04-02_1121060/amendment_reason/국립한국교통대학교 교육수요자 만족도 관리 지침 일부개정(개정사유 등).hwp
EXACT-7df7a22591b6,GDL-093759538124,exact_duplicate,GDL-093759538124,True,논리 버전 하나로 연결하고 출처 발생 경로 보존,sources/raw/guidelines/sources/university_guidelines/archive/GUIDE-81AF4B6BA95B/versions/2019-05-14_1024660/full_text/철도차량운전면허센터 운영지침(2019.5.14. 제204호).hwp
EXACT-7e1ed4b981c6,GDL-e99991ddcadc,exact_duplicate,GDL-e99991ddcadc,True,논리 버전 하나로 연결하고 출처 발생 경로 보존,sources/raw/guidelines/sources/university_guidelines/current/장애학생지원센터/GUIDE-3386A0FF26C9_고시원 운영 지침/고시원 운영 지침.hwp
EXACT-7e1ed4b981c6,GDL-e99991ddcadc,exact_duplicate,GDL-e99991ddcadc,True,논리 버전 하나로 연결하고 출처 발생 경로 보존,sources/raw/guidelines/sources/university_guidelines/archive/GUIDE-3386A0FF26C9/versions/2019-12-30_1029646/full_text/고시원 운영 지침.hwp
EXACT-7e22a85165a4,GDL-4cca76bcc4ce,exact_duplicate,GDL-4cca76bcc4ce,True,논리 버전 하나로 연결하고 출처 발생 경로 보존,sources/raw/guidelines/sources/university_guidelines/archive/GUIDE-A6F09F22A73A/versions/2020-08-19_1034986/comparison_table/1. 한국교통대학교 교육공무원 복무처리 요령(지침)_공포문(신구조문대비표).hwp
EXACT-7e5ddaefee43,GDL-bd2fb46667a7,exact_duplicate,GDL-bd2fb46667a7,True,논리 버전 하나로 연결하고 출처 발생 경로 보존,sources/raw/guidelines/sources/university_guidelines/archive/GUIDE-4F6ABD6A0FCB/versions/2015-04-20_5063/full_text/2-연구비관리규정세부시행지침.hwp
EXACT-7e6c08edaf61,GDL-5dbe8ba19618,exact_duplicate,GDL-5dbe8ba19618,True,논리 버전 하나로 연결하고 출처 발생 경로 보존,sources/raw/guidelines/sources/university_guidelines/archive/GUIDE-962DB64BD98A/versions/2023-10-13_1064326/amendment_reason/개정사유(한국교통대학교 총학생회 회칙).hwp
EXACT-7e9c3058e392,GDL-fb866888334d,exact_duplicate,GDL-fb866888334d,True,논리 버전 하나로 연결하고 출처 발생 경로 보존,sources/raw/guidelines/sources/university_guidelines/current/교무과/GUIDE-44E52876592F_교육연구학생지도 비용 지급에 관한 지침/국립한국교통대학교 교육연구학생지도 비용 지급에 관한 지침(제568호 2024.08.23.) 개정.hwp
EXACT-7e9c3058e392,GDL-fb866888334d,exact_duplicate,GDL-fb866888334d,True,논리 버전 하나로 연결하고 출처 발생 경로 보존,sources/raw/guidelines/sources/university_guidelines/archive/GUIDE-44E52876592F/versions/2024-08-23_1072857/full_text/국립한국교통대학교 교육연구학생지도 비용 지급에 관한 지침(제568호 2024.08.23.) 개정.hwp
EXACT-7eb0b5b177c8,GDL-092ab79bbc6e,exact_duplicate,GDL-092ab79bbc6e,True,논리 버전 하나로 연결하고 출처 발생 경로 보존,sources/raw/guidelines/sources/university_guidelines/archive/GUIDE-115F97049E5D/versions/2020-12-10_1037948/other/한국교통대학교 강사 인사 등에 관한 지침 일부개정(제319호 2020.12.10.).hwp
EXACT-7f1732a98c8e,GDL-cc6c7f3a04fa,exact_duplicate,GDL-cc6c7f3a04fa,True,논리 버전 하나로 연결하고 출처 발생 경로 보존,sources/raw/guidelines/sources/university_guidelines/archive/GUIDE-955E50C41ABD/versions/2022-04-15_1051589/other/한국교통대학교 산학협력단 부속기관 설치·운영 지침 일부개정(2022.04.15. 지침 419호).hwp
EXACT-7fbeed0f64ba,GDL-6dca56c1e6b4,exact_duplicate,GDL-6dca56c1e6b4,True,논리 버전 하나로 연결하고 출처 발생 경로 보존,sources/raw/guidelines/sources/university_guidelines/current/제1행정실/GUIDE-334752E393FA_대학의 평생교육체제지원사업 운영지침/개정사유서 및 신구대조표(국립한국교통대학교 대학의 평생교육체제지원사업 운영지침 일부개정).hwp
EXACT-7fbeed0f64ba,GDL-6dca56c1e6b4,exact_duplicate,GDL-6dca56c1e6b4,True,논리 버전 하나로 연결하고 출처 발생 경로 보존,sources/raw/guidelines/sources/university_guidelines/archive/GUIDE-334752E393FA/versions/2024-05-07_1069258/amendment_reason/개정사유서 및 신구대조표(국립한국교통대학교 대학의 평생교육체제지원사업 운영지침 일부개정).hwp
EXACT-8023d605453e,GDL-789d97e97b81,exact_duplicate,GDL-789d97e97b81,True,논리 버전 하나로 연결하고 출처 발생 경로 보존,sources/raw/guidelines/sources/university_guidelines/current/입학관리본부/GUIDE-2D53739039B7_입학사정관제 운영지침/입학사정관제 운영지침 160701.hwp
EXACT-8023d605453e,GDL-789d97e97b81,exact_duplicate,GDL-789d97e97b81,True,논리 버전 하나로 연결하고 출처 발생 경로 보존,sources/raw/guidelines/sources/university_guidelines/archive/GUIDE-2D53739039B7/versions/2016-07-01_5116/full_text/입학사정관제 운영지침 160701.hwp
EXACT-80436067442b,GDL-fb866888334d,exact_duplicate,GDL-fb866888334d,True,논리 버전 하나로 연결하고 출처 발생 경로 보존,sources/raw/guidelines/sources/university_guidelines/archive/GUIDE-44E52876592F/versions/2022-04-21_1051383/full_text/교육연구학생지도 비용 지급에 관한 지침(제426호 2022.04.21).hwp
EXACT-8096a2945924,GDL-d3277ff19980,exact_duplicate,GDL-d3277ff19980,True,논리 버전 하나로 연결하고 출처 발생 경로 보존,sources/raw/guidelines/sources/university_guidelines/archive/GUIDE-013DFECC88F6/versions/2020-12-21_1038131/comparison_table/신구조문대비표.hwp
EXACT-80b4c11d61c1,GDL-f0513d11780b,exact_duplicate,GDL-f0513d11780b,True,논리 버전 하나로 연결하고 출처 발생 경로 보존,sources/raw/guidelines/sources/university_guidelines/archive/GUIDE-DB05065263B2/versions/2022-09-07_1054443/full_text/한국교통대학교 부서평가 지침(20220907 제443호).hwp
EXACT-81c80bc40850,GDL-88b3d97c4ff2,exact_duplicate,GDL-88b3d97c4ff2,True,논리 버전 하나로 연결하고 출처 발생 경로 보존,sources/raw/guidelines/sources/university_guidelines/archive/GUIDE-5CB19EFEA6BD/versions/2017-12-27_5077/full_text/한국교통대학교 장학금 관리지침(2017.12.27.).hwp
EXACT-82e40291044e,GDL-d24445499d21,exact_duplicate,GDL-d24445499d21,True,논리 버전 하나로 연결하고 출처 발생 경로 보존,sources/raw/guidelines/sources/university_guidelines/archive/GUIDE-85C016CB41CA/versions/2020-11-04_1037056/full_text/한국교통대학교 강의 관리 지침(지침 제310호).hwp
EXACT-832499471562,GDL-9de3a389ed93,exact_duplicate,GDL-9de3a389ed93,True,논리 버전 하나로 연결하고 출처 발생 경로 보존,sources/raw/guidelines/sources/university_guidelines/archive/GUIDE-1DD2A9DFBB31/versions/2018-09-10_1019154/full_text/선행학습영향평가 위원회 지침(2018.9.10.지침 제179호).hwp
EXACT-8457229fa2d3,GDL-d795ba5c8eb7,exact_duplicate,GDL-d795ba5c8eb7,True,논리 버전 하나로 연결하고 출처 발생 경로 보존,sources/raw/guidelines/sources/university_guidelines/archive/GUIDE-0569F1E586C1/versions/2025-07-10_1080695/other/국립한국교통대학교 행정조직 팀제 운영지침 일부개정.hwp
EXACT-84c7ba2de8eb,GDL-c6650223cba0,exact_duplicate,GDL-c6650223cba0,True,논리 버전 하나로 연결하고 출처 발생 경로 보존,sources/raw/guidelines/sources/university_guidelines/current/산학협력단/GUIDE-E754AD1C3E7C_생명윤리심의위원회 표준운영지침/생명윤리심의위원회 운영지침 (2014.1.28.).hwp
EXACT-84c7ba2de8eb,GDL-c6650223cba0,exact_duplicate,GDL-c6650223cba0,True,논리 버전 하나로 연결하고 출처 발생 경로 보존,sources/raw/guidelines/sources/university_guidelines/archive/GUIDE-E754AD1C3E7C/versions/2014-01-28_1023997/full_text/생명윤리심의위원회 운영지침 (2014.1.28.).hwp
EXACT-851509117dc2,GDL-5dbe8ba19618,exact_duplicate,GDL-5dbe8ba19618,True,논리 버전 하나로 연결하고 출처 발생 경로 보존,sources/raw/guidelines/sources/university_guidelines/archive/GUIDE-962DB64BD98A/versions/2023-10-13_1064326/full_text/한국교통대학교 총학생회 회칙 전문(2023.10.13. 전학대회 개정).hwp
EXACT-854300d6e441,GDL-fb866888334d,exact_duplicate,GDL-fb866888334d,True,논리 버전 하나로 연결하고 출처 발생 경로 보존,sources/raw/guidelines/sources/university_guidelines/archive/GUIDE-44E52876592F/versions/2024-06-03_1070506/full_text/국립한국교통대학교 교육연구학생지도 비용 지급에 관한 지침(제551호 2024.06.03)개정.hwp
EXACT-855dd1fa2c99,GDL-8996d767d6e8,exact_duplicate,GDL-8996d767d6e8,True,논리 버전 하나로 연결하고 출처 발생 경로 보존,"sources/raw/guidelines/sources/university_guidelines/current/기획과/GUIDE-5D848E3FAC9B_교육수요자 만족도 관리 지침 ,/교육수요자 만족도 관리 지침(제382호 2021.7.21.).hwp"
EXACT-855dd1fa2c99,GDL-8996d767d6e8,exact_duplicate,GDL-8996d767d6e8,True,논리 버전 하나로 연결하고 출처 발생 경로 보존,sources/raw/guidelines/sources/university_guidelines/archive/GUIDE-5D848E3FAC9B/versions/2021-07-21_1043783/full_text/교육수요자 만족도 관리 지침(제382호 2021.7.21.).hwp
EXACT-85d0c354bb85,GDL-2a8d06b8d2d1,exact_duplicate,GDL-2a8d06b8d2d1,True,논리 버전 하나로 연결하고 출처 발생 경로 보존,sources/raw/guidelines/sources/university_guidelines/current/학사관리과/GUIDE-C6384FF073D6_3C인재 인증제 운영지침/2015-11-4-3C인재 인증제 운영지침.hwp
EXACT-85d0c354bb85,GDL-2a8d06b8d2d1,exact_duplicate,GDL-2a8d06b8d2d1,True,논리 버전 하나로 연결하고 출처 발생 경로 보존,sources/raw/guidelines/sources/university_guidelines/archive/GUIDE-C6384FF073D6/versions/2015-11-04_5099/full_text/2015-11-4-3C인재 인증제 운영지침.hwp
EXACT-85f2248661b2,GDL-ff22eab74f58,exact_duplicate,GDL-ff22eab74f58,True,논리 버전 하나로 연결하고 출처 발생 경로 보존,sources/raw/guidelines/sources/university_guidelines/current/대학원/GUIDE-CEDC44F8E44B_대학원 장학 운영지침/대학원장학운영지침.hwp
EXACT-85f2248661b2,GDL-ff22eab74f58,exact_duplicate,GDL-ff22eab74f58,True,논리 버전 하나로 연결하고 출처 발생 경로 보존,sources/raw/guidelines/sources/university_guidelines/archive/GUIDE-CEDC44F8E44B/versions/2016-05-09_5109/full_text/대학원장학운영지침.hwp
EXACT-86a88d06dece,GDL-55ec12c3354d,exact_duplicate,GDL-55ec12c3354d,True,논리 버전 하나로 연결하고 출처 발생 경로 보존,sources/raw/guidelines/sources/university_guidelines/archive/GUIDE-83E3D40CA710/versions/2023-11-06_1064555/amendment_text/한국교통대학교 대학회계직원 인사운영 지침 일부개정안.hwp
EXACT-871c01637793,GDL-dfe55f634cfc,exact_duplicate,GDL-dfe55f634cfc,True,논리 버전 하나로 연결하고 출처 발생 경로 보존,sources/raw/guidelines/sources/university_guidelines/archive/GUIDE-AB2969DC6914/versions/2020-10-28_1036825/full_text/01_한국교통대학교 전임교원 신규채용 전형지침_ 공포문.hwp
EXACT-87a493b1f028,GDL-309d9ab0dc5a,exact_duplicate,GDL-309d9ab0dc5a,True,논리 버전 하나로 연결하고 출처 발생 경로 보존,sources/raw/guidelines/sources/university_guidelines/current/학사관리과/GUIDE-A12FD1E1307D_졸업자격인증제 운영 지침/한국교통대학교 졸업자격인증제 운영 지침 개정(2022.9.22.제447호).hwp
EXACT-87a493b1f028,GDL-309d9ab0dc5a,exact_duplicate,GDL-309d9ab0dc5a,True,논리 버전 하나로 연결하고 출처 발생 경로 보존,sources/raw/guidelines/sources/university_guidelines/archive/GUIDE-A12FD1E1307D/versions/2022-09-22_1055094/full_text/한국교통대학교 졸업자격인증제 운영 지침 개정(2022.9.22.제447호).hwp
EXACT-87ef97faf3e2,GDL-fb866888334d,exact_duplicate,GDL-fb866888334d,True,논리 버전 하나로 연결하고 출처 발생 경로 보존,sources/raw/guidelines/sources/university_guidelines/current/교무과/GUIDE-A241C3718055_교육연구학생지도 비용 지급에 관한지침/03 교육연구학생지도 비용 지급에 관한 지침_개정 전문.hwp
EXACT-87ef97faf3e2,GDL-fb866888334d,exact_duplicate,GDL-fb866888334d,True,논리 버전 하나로 연결하고 출처 발생 경로 보존,sources/raw/guidelines/sources/university_guidelines/archive/GUIDE-A241C3718055/versions/2018-03-21_1018272/full_text/03 교육연구학생지도 비용 지급에 관한 지침_개정 전문.hwp
EXACT-880144f0269b,GDL-099228dcf35a,exact_duplicate,GDL-099228dcf35a,True,논리 버전 하나로 연결하고 출처 발생 경로 보존,sources/raw/guidelines/sources/university_guidelines/archive/GUIDE-1DD64F0F31AD/versions/2016-10-05_5120/full_text/대학교육혁신위원회 운영지침(2016.10.05. 지침 제101호).hwp
EXACT-8803a8768767,GDL-342bcc06da83,exact_duplicate,GDL-342bcc06da83,True,논리 버전 하나로 연결하고 출처 발생 경로 보존,sources/raw/guidelines/sources/university_guidelines/current/창의융합학부/GUIDE-8F867FCB7DC2_융합교육위원회 구성 및 운영 지침/한국교통대학교 융합교육위원회 구성 및 운영지침(2020.10.27. 지침 제305호).hwp
EXACT-8803a8768767,GDL-342bcc06da83,exact_duplicate,GDL-342bcc06da83,True,논리 버전 하나로 연결하고 출처 발생 경로 보존,sources/raw/guidelines/sources/university_guidelines/archive/GUIDE-8F867FCB7DC2/versions/2020-10-27_1036775/full_text/한국교통대학교 융합교육위원회 구성 및 운영지침(2020.10.27. 지침 제305호).hwp
EXACT-8838433208a9,GDL-a1a319d4b286,exact_duplicate,GDL-a1a319d4b286,True,논리 버전 하나로 연결하고 출처 발생 경로 보존,sources/raw/guidelines/sources/university_guidelines/current/산학협력단/GUIDE-FB3F588A8AFC_산학협력상 지침/9. 국립한국교통대학교 산학협력상 지침_547호.hwp
EXACT-8838433208a9,GDL-a1a319d4b286,exact_duplicate,GDL-a1a319d4b286,True,논리 버전 하나로 연결하고 출처 발생 경로 보존,sources/raw/guidelines/sources/university_guidelines/archive/GUIDE-FB3F588A8AFC/versions/2024-05-09_1069417/full_text/9. 국립한국교통대학교 산학협력상 지침_547호.hwp
EXACT-88902d818bda,GDL-343e3affdf72,exact_duplicate,GDL-343e3affdf72,True,논리 버전 하나로 연결하고 출처 발생 경로 보존,sources/raw/guidelines/sources/university_guidelines/archive/GUIDE-7E539D053E6C/versions/2017-07-14_1009647/full_text/한국교통대학교 교양교육과정 편성지침(2017.7.14).hwp
EXACT-88b2ea08d567,GDL-d24445499d21,exact_duplicate,GDL-d24445499d21,True,논리 버전 하나로 연결하고 출처 발생 경로 보존,sources/raw/guidelines/sources/university_guidelines/archive/GUIDE-85C016CB41CA/versions/2020-05-04_1032516/full_text/한국교통대학교 강의 관리 지침 일부 개정(제264호).hwp
EXACT-89340cdc25c4,GDL-c57280ce85a7,exact_duplicate,GDL-c57280ce85a7,True,논리 버전 하나로 연결하고 출처 발생 경로 보존,sources/raw/guidelines/sources/university_guidelines/archive/GUIDE-13392D6EFF31/versions/2016-10-24_5124/full_text/한국교통대학교 UI 관리지침(2016.10.24. 지침 제105호).hwp
EXACT-89385cb2583e,GDL-e6e29be52a8c,exact_duplicate,GDL-e6e29be52a8c,True,논리 버전 하나로 연결하고 출처 발생 경로 보존,"sources/raw/guidelines/sources/university_guidelines/current/생명윤리위원회/GUIDE-4D5346CA3356_연구자를 위한 생명윤리지침 ,/[지침_연구윤리]+한국교통대학교+연구자를+위한+생명윤리지침.pdf"
EXACT-89385cb2583e,GDL-e6e29be52a8c,exact_duplicate,GDL-e6e29be52a8c,True,논리 버전 하나로 연결하고 출처 발생 경로 보존,sources/raw/guidelines/sources/university_guidelines/archive/GUIDE-4D5346CA3356/versions/2021-11-30_1059601/full_text/[지침_연구윤리]+한국교통대학교+연구자를+위한+생명윤리지침.pdf
EXACT-8985046ee5ba,GDL-9f39b180e790,exact_duplicate,GDL-9f39b180e790,True,논리 버전 하나로 연결하고 출처 발생 경로 보존,sources/raw/guidelines/sources/university_guidelines/current/제2행정실/GUIDE-2A1F64267C75_대학원 장학금 지급 지침/한국교통대학교 대학원 장학금 지급 지침.hwp
EXACT-8985046ee5ba,GDL-9f39b180e790,exact_duplicate,GDL-9f39b180e790,True,논리 버전 하나로 연결하고 출처 발생 경로 보존,sources/raw/guidelines/sources/university_guidelines/archive/GUIDE-2A1F64267C75/versions/2022-02-25_1049912/full_text/한국교통대학교 대학원 장학금 지급 지침.hwp
EXACT-89a9097989bf,GDL-cc6c7f3a04fa,exact_duplicate,GDL-cc6c7f3a04fa,True,논리 버전 하나로 연결하고 출처 발생 경로 보존,sources/raw/guidelines/sources/university_guidelines/archive/GUIDE-955E50C41ABD/versions/2022-11-29_1057125/full_text/한국교통대학교 산학협력단 부속기관 설치·운영 지침(2022.11.29. 지침 제460호).hwp
EXACT-89adf5b312d8,GDL-76134d62beb8,exact_duplicate,GDL-76134d62beb8,True,논리 버전 하나로 연결하고 출처 발생 경로 보존,sources/raw/guidelines/sources/university_guidelines/current/학생과/GUIDE-3877A7A490B2_장학금 관리지침 공포/붙임 한국교통대학교 장학금 관리지침 일부개정(전문).hwp
EXACT-89adf5b312d8,GDL-76134d62beb8,exact_duplicate,GDL-76134d62beb8,True,논리 버전 하나로 연결하고 출처 발생 경로 보존,sources/raw/guidelines/sources/university_guidelines/archive/GUIDE-3877A7A490B2/versions/2020-12-07_1037767/full_text/붙임 한국교통대학교 장학금 관리지침 일부개정(전문).hwp
EXACT-89c5174424fc,GDL-4cca76bcc4ce,exact_duplicate,GDL-4cca76bcc4ce,True,논리 버전 하나로 연결하고 출처 발생 경로 보존,sources/raw/guidelines/sources/university_guidelines/archive/GUIDE-A6F09F22A73A/versions/2017-11-20_1012209/full_text/붙임2-3_개정전문_교육공무원 복무처리 요령_확정안.hwp
EXACT-8a8b56da2eb6,GDL-4ff3cbe47f00,exact_duplicate,GDL-4ff3cbe47f00,True,논리 버전 하나로 연결하고 출처 발생 경로 보존,sources/raw/guidelines/sources/university_guidelines/current/기획과/GUIDE-7BED9677B80E_부서평가 지침 일부/2021년 부서평가 지침 일부 개정_202110.hwp
EXACT-8a8b56da2eb6,GDL-4ff3cbe47f00,exact_duplicate,GDL-4ff3cbe47f00,True,논리 버전 하나로 연결하고 출처 발생 경로 보존,sources/raw/guidelines/sources/university_guidelines/archive/GUIDE-7BED9677B80E/versions/2021-11-09_1046752/full_text/2021년 부서평가 지침 일부 개정_202110.hwp
EXACT-8abf1e36868b,GDL-aed855c1b5df,exact_duplicate,GDL-aed855c1b5df,True,논리 버전 하나로 연결하고 출처 발생 경로 보존,sources/raw/guidelines/sources/university_guidelines/archive/GUIDE-F5F14FC3B207/versions/2020-12-31_1038418/full_text/대학교육 및 교육수요자 지원 프로그램 환류를 위한 업무처리 지침 폐지.hwp
EXACT-8ad786779427,GDL-d3277ff19980,exact_duplicate,GDL-d3277ff19980,True,논리 버전 하나로 연결하고 출처 발생 경로 보존,sources/raw/guidelines/sources/university_guidelines/archive/GUIDE-013DFECC88F6/versions/2017-09-29_1011436/full_text/한국교통대학교 교육과정 편성지침.hwp
EXACT-8c0d874fa94d,GDL-90f9dfe2a532,exact_duplicate,GDL-90f9dfe2a532,True,논리 버전 하나로 연결하고 출처 발생 경로 보존,sources/raw/guidelines/sources/university_guidelines/archive/GUIDE-94522F6E00DC/versions/2015-04-20_5059/full_text/5-한국교통대학교-연구소-설립-운영에-관한-지침.hwp
EXACT-8c8e0b3adb41,GDL-d795ba5c8eb7,exact_duplicate,GDL-d795ba5c8eb7,True,논리 버전 하나로 연결하고 출처 발생 경로 보존,sources/raw/guidelines/sources/university_guidelines/archive/GUIDE-0569F1E586C1/versions/2022-03-15_1050403/other/한국교통대학교 행정조직 팀제 운영지침 일부개정(2022.3.15.지침 제416호).hwp
EXACT-8d1acb986347,GDL-fc7689b992f3,exact_duplicate,GDL-fc7689b992f3,True,논리 버전 하나로 연결하고 출처 발생 경로 보존,sources/raw/guidelines/sources/university_guidelines/archive/GUIDE-013BFA0A6D8D/versions/2022-04-04_1051018/other/한국교통대학교 미래융합대학 교양교육과정 편성지침 일부개정(안).hwp
EXACT-8d4a9d907cae,GDL-f56759a8472b,exact_duplicate,GDL-f56759a8472b,True,논리 버전 하나로 연결하고 출처 발생 경로 보존,sources/raw/guidelines/sources/university_guidelines/current/평생교육원/GUIDE-24790342AF42_철도 교통관제 교육훈련기관 운영지침/철도교통관제 교육훈련기관 운영지침.hwp
EXACT-8d4a9d907cae,GDL-f56759a8472b,exact_duplicate,GDL-f56759a8472b,True,논리 버전 하나로 연결하고 출처 발생 경로 보존,sources/raw/guidelines/sources/university_guidelines/archive/GUIDE-24790342AF42/versions/2020-09-04_1035323/full_text/철도교통관제 교육훈련기관 운영지침.hwp
EXACT-8d7ee1efb089,GDL-dfe55f634cfc,exact_duplicate,GDL-dfe55f634cfc,True,논리 버전 하나로 연결하고 출처 발생 경로 보존,sources/raw/guidelines/sources/university_guidelines/current/교무과/GUIDE-AB2969DC6914_전임교원 신규채용 전형지침 일부/01_한국교통대학교 전임교원 신규채용 전형지침_ 공포문.hwp
EXACT-8d7ee1efb089,GDL-dfe55f634cfc,exact_duplicate,GDL-dfe55f634cfc,True,논리 버전 하나로 연결하고 출처 발생 경로 보존,sources/raw/guidelines/sources/university_guidelines/archive/GUIDE-AB2969DC6914/versions/2021-06-30_1043394/full_text/01_한국교통대학교 전임교원 신규채용 전형지침_ 공포문.hwp
EXACT-8db2130c6ea5,GDL-b3513647fcb6,exact_duplicate,GDL-b3513647fcb6,True,논리 버전 하나로 연결하고 출처 발생 경로 보존,sources/raw/guidelines/sources/university_guidelines/current/평생교육원/GUIDE-26D2C2BA0B2A_평생교육원 학습비 감면지침/국립한국교통대학교 평생교육원 학습비 감면지침.hwp
EXACT-8db2130c6ea5,GDL-b3513647fcb6,exact_duplicate,GDL-b3513647fcb6,True,논리 버전 하나로 연결하고 출처 발생 경로 보존,sources/raw/guidelines/sources/university_guidelines/archive/GUIDE-26D2C2BA0B2A/versions/2026-06-01_1122339/full_text/국립한국교통대학교 평생교육원 학습비 감면지침.hwp
EXACT-8de7a4ad234f,GDL-1a8280d628c4,exact_duplicate,GDL-1a8280d628c4,True,논리 버전 하나로 연결하고 출처 발생 경로 보존,sources/raw/guidelines/sources/university_guidelines/current/산학협력단/GUIDE-0E79AA9AFB4D_가족회사 규정 세부운영지침 20245.9/8. 국립한국교통대학교 가족회사규정 세부운영지침_546호.hwp
EXACT-8de7a4ad234f,GDL-1a8280d628c4,exact_duplicate,GDL-1a8280d628c4,True,논리 버전 하나로 연결하고 출처 발생 경로 보존,sources/raw/guidelines/sources/university_guidelines/archive/GUIDE-0E79AA9AFB4D/versions/2024-05-10_1069416/full_text/8. 국립한국교통대학교 가족회사규정 세부운영지침_546호.hwp
EXACT-8e1e1c1e618d,GDL-cf67514debf1,exact_duplicate,GDL-cf67514debf1,True,논리 버전 하나로 연결하고 출처 발생 경로 보존,sources/raw/guidelines/sources/university_guidelines/archive/GUIDE-6219A7B1742B/versions/2018-06-12_1017505/full_text/2. 학술연구(논문게재 등) 지원지침 전문 180612 170호.hwp
EXACT-8e4acaa8b3ec,GDL-fb866888334d,exact_duplicate,GDL-fb866888334d,True,논리 버전 하나로 연결하고 출처 발생 경로 보존,sources/raw/guidelines/sources/university_guidelines/archive/GUIDE-44E52876592F/versions/2021-04-01_1041409/full_text/교육연구학생지도 비용 지급에 관한 지침(2021.04.01).hwp
EXACT-900eb7e3b56d,GDL-343e3affdf72,exact_duplicate,GDL-343e3affdf72,True,논리 버전 하나로 연결하고 출처 발생 경로 보존,sources/raw/guidelines/sources/university_guidelines/archive/GUIDE-7E539D053E6C/versions/2021-01-28_1039410/full_text/한국교통대학교 교양교육과정 편성지침.hwp
EXACT-9050e25c00eb,GDL-d795ba5c8eb7,exact_duplicate,GDL-d795ba5c8eb7,True,논리 버전 하나로 연결하고 출처 발생 경로 보존,sources/raw/guidelines/sources/university_guidelines/archive/GUIDE-0569F1E586C1/versions/2026-02-02_1085886/full_text/국립한국교통대학교 행정조직 팀제 운영지침.hwp
EXACT-9086dfb4b267,GDL-c50449619b35,exact_duplicate,GDL-c50449619b35,True,논리 버전 하나로 연결하고 출처 발생 경로 보존,sources/raw/guidelines/sources/university_guidelines/current/공학교육혁신센터/GUIDE-CB3FB40CDFD8_캡스톤디자인 운영위원회 구성 및 운영지침/한국교통대학교 캡스톤디자인 운영위원회 구성 및 운영지침(2020.12.08.제316호).hwp
EXACT-9086dfb4b267,GDL-c50449619b35,exact_duplicate,GDL-c50449619b35,True,논리 버전 하나로 연결하고 출처 발생 경로 보존,sources/raw/guidelines/sources/university_guidelines/archive/GUIDE-CB3FB40CDFD8/versions/2020-12-08_1037894/full_text/한국교통대학교 캡스톤디자인 운영위원회 구성 및 운영지침(2020.12.08.제316호).hwp
EXACT-90c2785d8ae0,GDL-68ea985fd1a6,exact_duplicate,GDL-68ea985fd1a6,True,논리 버전 하나로 연결하고 출처 발생 경로 보존,sources/raw/guidelines/sources/university_guidelines/archive/GUIDE-8A7BBA163E77/versions/2019-03-11_1023516/full_text/재정지원사업 통합운영위원회 지침(2019. 3. 11. 제191호).hwp
EXACT-91bc8c460cc6,GDL-61a53028229e,exact_duplicate,GDL-61a53028229e,True,논리 버전 하나로 연결하고 출처 발생 경로 보존,sources/raw/guidelines/sources/university_guidelines/current/교원인사팀/GUIDE-C178CA6995C7_겸임교원 등의 인사에 관한 지침/한국교통대학교 겸임교원 등의 인사에 관한 지침.hwp
EXACT-91bc8c460cc6,GDL-61a53028229e,exact_duplicate,GDL-61a53028229e,True,논리 버전 하나로 연결하고 출처 발생 경로 보존,sources/raw/guidelines/sources/university_guidelines/archive/GUIDE-C178CA6995C7/versions/2019-11-12_1029527/full_text/한국교통대학교 겸임교원 등의 인사에 관한 지침.hwp
EXACT-92034a6c5634,GDL-b3513647fcb6,exact_duplicate,GDL-b3513647fcb6,True,논리 버전 하나로 연결하고 출처 발생 경로 보존,sources/raw/guidelines/sources/university_guidelines/archive/GUIDE-26D2C2BA0B2A/versions/2019-04-12_1024056/full_text/학습비 감면지침(2019.4.12.제200호).hwp
EXACT-92d65ac17681,GDL-ac0f14063c5a,exact_duplicate,GDL-ac0f14063c5a,True,논리 버전 하나로 연결하고 출처 발생 경로 보존,sources/raw/guidelines/sources/university_guidelines/archive/GUIDE-AEA00C225CDC/versions/2022-11-29_1057064/amendment_reason/개정사유 및 신구조문대비표.hwp
EXACT-93d695c4a9d7,GDL-4cca76bcc4ce,exact_duplicate,GDL-4cca76bcc4ce,True,논리 버전 하나로 연결하고 출처 발생 경로 보존,sources/raw/guidelines/sources/university_guidelines/archive/GUIDE-A6F09F22A73A/versions/2018-01-30_1014169/full_text/교육공무원 복무처리 요령(지침 제156호 2018.1.30.).hwp
EXACT-943df3551b5b,GDL-e4f7344f8716,exact_duplicate,GDL-e4f7344f8716,True,논리 버전 하나로 연결하고 출처 발생 경로 보존,sources/raw/guidelines/sources/university_guidelines/archive/GUIDE-801125AD540F/versions/2025-01-31_1076882/other/강의관리지침 일부개정(제594호 2025.1.31.).hwp
EXACT-947ce2922a23,GDL-f62a06cc3527,exact_duplicate,GDL-f62a06cc3527,True,논리 버전 하나로 연결하고 출처 발생 경로 보존,sources/raw/guidelines/sources/university_guidelines/current/취업창업지원과/GUIDE-CBD9AC497800_진로상담 및 취창업 비교과 프로그램 운영 지침/진로상담 및 취창업 비교과 프로그램 운영 지침.hwp
EXACT-947ce2922a23,GDL-f62a06cc3527,exact_duplicate,GDL-f62a06cc3527,True,논리 버전 하나로 연결하고 출처 발생 경로 보존,sources/raw/guidelines/sources/university_guidelines/archive/GUIDE-CBD9AC497800/versions/2018-02-27_1015455/full_text/진로상담 및 취창업 비교과 프로그램 운영 지침.hwp
EXACT-94c25c10b760,GDL-343e3affdf72,exact_duplicate,GDL-343e3affdf72,True,논리 버전 하나로 연결하고 출처 발생 경로 보존,sources/raw/guidelines/sources/university_guidelines/archive/GUIDE-7E539D053E6C/versions/2021-04-22_1041876/full_text/한국교통대학교 교양교육과정 편성지침.hwp
EXACT-95030b6c7ad2,GDL-d795ba5c8eb7,exact_duplicate,GDL-d795ba5c8eb7,True,논리 버전 하나로 연결하고 출처 발생 경로 보존,sources/raw/guidelines/sources/university_guidelines/archive/GUIDE-0569F1E586C1/versions/2021-01-24_1049104/other/한국교통대학교 행정조직 팀제 운영지침 일부개정(2021.1.24 지침 제412호).hwp
EXACT-9508bef5d479,GDL-6fb72e196639,exact_duplicate,GDL-6fb72e196639,True,논리 버전 하나로 연결하고 출처 발생 경로 보존,sources/raw/guidelines/sources/university_guidelines/archive/GUIDE-455F4866B490/versions/2020-12-11_1038276/full_text/한국교통대학교 특화산업별 산업체협업센터(ICC) 운영지침 .hwp
EXACT-951eac90f13f,GDL-c8bb0f2bbf5c,exact_duplicate,GDL-c8bb0f2bbf5c,True,논리 버전 하나로 연결하고 출처 발생 경로 보존,sources/raw/guidelines/sources/university_guidelines/archive/GUIDE-FC7E9F7CF515/versions/2025-08-06_1081363/other/의왕생활관 숙박시설 관리운영지침 일부개정(안).hwp
EXACT-958d0ce5a7d4,GDL-3cd54e0a2b8a,exact_duplicate,GDL-3cd54e0a2b8a,True,논리 버전 하나로 연결하고 출처 발생 경로 보존,sources/raw/guidelines/sources/university_guidelines/current/학생상담센터/GUIDE-ADCB2F5552E6_학생상담 및 지도에 관한 지침/한국교통대학교 학생상담 및 지도에 관한 지침 개정(2021.2.26. 지침 제344호).hwp
EXACT-958d0ce5a7d4,GDL-3cd54e0a2b8a,exact_duplicate,GDL-3cd54e0a2b8a,True,논리 버전 하나로 연결하고 출처 발생 경로 보존,sources/raw/guidelines/sources/university_guidelines/archive/GUIDE-ADCB2F5552E6/versions/2021-02-26_1040421/full_text/한국교통대학교 학생상담 및 지도에 관한 지침 개정(2021.2.26. 지침 제344호).hwp
EXACT-9669037e0551,GDL-55ec12c3354d,exact_duplicate,GDL-55ec12c3354d,True,논리 버전 하나로 연결하고 출처 발생 경로 보존,sources/raw/guidelines/sources/university_guidelines/archive/GUIDE-83E3D40CA710/versions/2026-03-04_1086896/full_text/(지침 제647호) 국립한국교통대학교 대학회계직원 인사운영 지침.hwp
EXACT-96988361dd23,GDL-8f31749cd508,exact_duplicate,GDL-8f31749cd508,True,논리 버전 하나로 연결하고 출처 발생 경로 보존,sources/raw/guidelines/sources/university_guidelines/archive/GUIDE-21E17C5256BC/versions/2015-11-02_5101/full_text/15 0824 산학협동운영지침 개정 전문.hwp
EXACT-96f7de59fba4,GDL-4cca76bcc4ce,exact_duplicate,GDL-4cca76bcc4ce,True,논리 버전 하나로 연결하고 출처 발생 경로 보존,sources/raw/guidelines/sources/university_guidelines/archive/GUIDE-A6F09F22A73A/versions/2023-12-05_1065280/comparison_table/한국교통대학교 교육공무원 복무처리 요령(지침)_공포문(신구조문대비표).hwp
EXACT-9705865e789f,GDL-d795ba5c8eb7,exact_duplicate,GDL-d795ba5c8eb7,True,논리 버전 하나로 연결하고 출처 발생 경로 보존,sources/raw/guidelines/sources/university_guidelines/current/기획과/GUIDE-0569F1E586C1_행정조직 팀제 운영지침/국립한국교통대학교 행정조직 팀제 운영지침.hwp
EXACT-9705865e789f,GDL-d795ba5c8eb7,exact_duplicate,GDL-d795ba5c8eb7,True,논리 버전 하나로 연결하고 출처 발생 경로 보존,sources/raw/guidelines/sources/university_guidelines/archive/GUIDE-0569F1E586C1/versions/2025-07-10_1080695/full_text/국립한국교통대학교 행정조직 팀제 운영지침.hwp
EXACT-9733fb4e270c,GDL-3f9d53300aa3,exact_duplicate,GDL-3f9d53300aa3,True,논리 버전 하나로 연결하고 출처 발생 경로 보존,sources/raw/guidelines/sources/university_guidelines/archive/GUIDE-ABD0978DBA24/versions/2020-07-20_1034297/amendment_reason/개정사유.hwp
EXACT-9794ea3ebcd7,GDL-fa4e6c45fa6c,exact_duplicate,GDL-fa4e6c45fa6c,True,논리 버전 하나로 연결하고 출처 발생 경로 보존,sources/raw/guidelines/sources/university_guidelines/current/기획과/GUIDE-577F3162A077_국립대학 육성사업 관리 운영 지침/한국교통대학교 국립대학 육성사업 관리 운영 지침.hwp
EXACT-9794ea3ebcd7,GDL-fa4e6c45fa6c,exact_duplicate,GDL-fa4e6c45fa6c,True,논리 버전 하나로 연결하고 출처 발생 경로 보존,sources/raw/guidelines/sources/university_guidelines/archive/GUIDE-577F3162A077/versions/2022-04-05_1050997/full_text/한국교통대학교 국립대학 육성사업 관리 운영 지침.hwp
EXACT-986e6337a660,GDL-5b94d0955841,exact_duplicate,GDL-5b94d0955841,True,논리 버전 하나로 연결하고 출처 발생 경로 보존,sources/raw/guidelines/sources/university_guidelines/current/충주생활관/GUIDE-4A6CBDF1F40C_충주생활관 숙박시설관리 운영지침 24.1.11/충주생활관 숙박시설 관리운영 지침(2024.1.11 지침 제516호)(게스트룸 수정).hwp
EXACT-986e6337a660,GDL-5b94d0955841,exact_duplicate,GDL-5b94d0955841,True,논리 버전 하나로 연결하고 출처 발생 경로 보존,sources/raw/guidelines/sources/university_guidelines/archive/GUIDE-4A6CBDF1F40C/versions/2024-01-11_1083889/full_text/충주생활관 숙박시설 관리운영 지침(2024.1.11 지침 제516호)(게스트룸 수정).hwp
EXACT-9906ed60711f,GDL-f85b018fb912,exact_duplicate,GDL-f85b018fb912,True,논리 버전 하나로 연결하고 출처 발생 경로 보존,sources/raw/guidelines/sources/university_guidelines/current/교무과/GUIDE-5E8C08656C03_조교 성과급 지급 지침 20170626/조교 성과급 지급 지침_지침 제118호_20170626.hwp
EXACT-9906ed60711f,GDL-f85b018fb912,exact_duplicate,GDL-f85b018fb912,True,논리 버전 하나로 연결하고 출처 발생 경로 보존,sources/raw/guidelines/sources/university_guidelines/archive/GUIDE-5E8C08656C03/versions/2017-06-26_1009128/full_text/조교 성과급 지급 지침_지침 제118호_20170626.hwp
EXACT-992c310c31de,GDL-f2f8b1295412,exact_duplicate,GDL-f2f8b1295412,True,논리 버전 하나로 연결하고 출처 발생 경로 보존,sources/raw/guidelines/sources/university_guidelines/archive/GUIDE-D2124BB316B4/versions/2025-09-10_1082767/other/국립한국교통대학교 학생자치기구 선거 시행세칙(2025.09.10. 전학대회 개정).hwp
EXACT-995c7c1b5774,GDL-2a8d06b8d2d1,exact_duplicate,GDL-2a8d06b8d2d1,True,논리 버전 하나로 연결하고 출처 발생 경로 보존,sources/raw/guidelines/sources/university_guidelines/archive/GUIDE-C6384FF073D6/versions/2022-11-14_1056612/other/한국교통대학교 3C인재 인증제 운영지침 일부개정(2022.11.14. 지침 제454호).hwp
EXACT-99c936fa89d9,GDL-76f518bf968e,exact_duplicate,GDL-76f518bf968e,True,논리 버전 하나로 연결하고 출처 발생 경로 보존,sources/raw/guidelines/sources/university_guidelines/current/전산정보원/GUIDE-EA0B8DDCBABE_홈페이지 운영 지침/국립한국교통대학교 홈페이지 운영 지침.hwp
EXACT-99c936fa89d9,GDL-76f518bf968e,exact_duplicate,GDL-76f518bf968e,True,논리 버전 하나로 연결하고 출처 발생 경로 보존,sources/raw/guidelines/sources/university_guidelines/archive/GUIDE-EA0B8DDCBABE/versions/2026-03-26_1121002/full_text/국립한국교통대학교 홈페이지 운영 지침.hwp
EXACT-99dfe7d1bdcc,GDL-343e3affdf72,exact_duplicate,GDL-343e3affdf72,True,논리 버전 하나로 연결하고 출처 발생 경로 보존,sources/raw/guidelines/sources/university_guidelines/archive/GUIDE-7E539D053E6C/versions/2019-08-06_1026476/other/한국교통대학교 교양교육과정 편성지침 일부개정.hwp
EXACT-9a2550897780,GDL-13a5e679792b,exact_duplicate,GDL-13a5e679792b,True,논리 버전 하나로 연결하고 출처 발생 경로 보존,sources/raw/guidelines/sources/university_guidelines/archive/GUIDE-577F3162A077/versions/2019-08-09_1026555/full_text/한국교통대학교 국립대학 육성사업 관리 운영 지침(2019. 8. 9. 지침 제214호).hwp
EXACT-9ae58506eeca,GDL-55ec12c3354d,exact_duplicate,GDL-55ec12c3354d,True,논리 버전 하나로 연결하고 출처 발생 경로 보존,sources/raw/guidelines/sources/university_guidelines/archive/GUIDE-83E3D40CA710/versions/2023-11-06_1064555/full_text/한국교통대학교 대학회계직원 인사운영 지침(2023.11.6. 지침 제510호).hwp
EXACT-9b8fac4afedc,GDL-8d3d1f36440d,exact_duplicate,GDL-8d3d1f36440d,True,논리 버전 하나로 연결하고 출처 발생 경로 보존,sources/raw/guidelines/sources/university_guidelines/archive/GUIDE-7885026A319F/versions/2024-03-28_1068200/full_text/2. 국립한국교통대학교 학생부종합전형 사정위원회 운영 지침(2024.3.28.제532호).pdf
EXACT-9c266f03679a,GDL-1cb62403f911,exact_duplicate,GDL-1cb62403f911,True,논리 버전 하나로 연결하고 출처 발생 경로 보존,sources/raw/guidelines/sources/university_guidelines/archive/GUIDE-40B3417856BD/versions/2021-03-18_1041036/comparison_table/개정이유 및 신구조문 대비표.hwp
EXACT-9c32cf0eb2ff,GDL-c08c869bef08,exact_duplicate,GDL-c08c869bef08,True,논리 버전 하나로 연결하고 출처 발생 경로 보존,sources/raw/guidelines/sources/university_guidelines/current/교무과/GUIDE-43FB838AB049_외국인교수 계약에 관한 지침/한국교통대학교 외국인교수 계약에 관한 지침(제292호2020.9.2.).hwp
EXACT-9c32cf0eb2ff,GDL-c08c869bef08,exact_duplicate,GDL-c08c869bef08,True,논리 버전 하나로 연결하고 출처 발생 경로 보존,sources/raw/guidelines/sources/university_guidelines/archive/GUIDE-43FB838AB049/versions/2020-09-02_1035307/full_text/한국교통대학교 외국인교수 계약에 관한 지침(제292호2020.9.2.).hwp
EXACT-9dd774e88890,GDL-b1b157325ad7,exact_duplicate,GDL-b1b157325ad7,True,논리 버전 하나로 연결하고 출처 발생 경로 보존,sources/raw/guidelines/sources/university_guidelines/current/학생과/GUIDE-262F9C94CD89_소수집단학생 지원 지침/소수집단학생 지원 지침(공포).hwp
EXACT-9dd774e88890,GDL-b1b157325ad7,exact_duplicate,GDL-b1b157325ad7,True,논리 버전 하나로 연결하고 출처 발생 경로 보존,sources/raw/guidelines/sources/university_guidelines/archive/GUIDE-262F9C94CD89/versions/2019-09-11_1027270/full_text/소수집단학생 지원 지침(공포).hwp
EXACT-9deb744ab642,GDL-8b4c9e9d9e74,exact_duplicate,GDL-8b4c9e9d9e74,True,논리 버전 하나로 연결하고 출처 발생 경로 보존,sources/raw/guidelines/sources/university_guidelines/current/기획과/GUIDE-1DD64F0F31AD_대학교육혁신위원회 운영 지침/대학교육혁신위원회 운영 지침.hwp
EXACT-9deb744ab642,GDL-8b4c9e9d9e74,exact_duplicate,GDL-8b4c9e9d9e74,True,논리 버전 하나로 연결하고 출처 발생 경로 보존,sources/raw/guidelines/sources/university_guidelines/archive/GUIDE-1DD64F0F31AD/versions/2020-07-16_1034077/full_text/대학교육혁신위원회 운영 지침.hwp
EXACT-9dfa633b3b6e,GDL-d24445499d21,exact_duplicate,GDL-d24445499d21,True,논리 버전 하나로 연결하고 출처 발생 경로 보존,sources/raw/guidelines/sources/university_guidelines/archive/GUIDE-85C016CB41CA/versions/2018-12-05_1020774/full_text/강의관리지침 일부 개정(제184호).hwp
EXACT-9e1b61c7bc0c,GDL-b54918ec9604,exact_duplicate,GDL-b54918ec9604,True,논리 버전 하나로 연결하고 출처 발생 경로 보존,sources/raw/guidelines/sources/university_guidelines/current/학생과/GUIDE-7412B2CF9EFE_학생상담및지도에관한지침/학생상담 및 지도에 관한 지침_20130714.hwp
EXACT-9e1b61c7bc0c,GDL-b54918ec9604,exact_duplicate,GDL-b54918ec9604,True,논리 버전 하나로 연결하고 출처 발생 경로 보존,sources/raw/guidelines/sources/university_guidelines/archive/GUIDE-7412B2CF9EFE/versions/2015-04-22_5088/full_text/학생상담 및 지도에 관한 지침_20130714.hwp
EXACT-9e99a6bcbcdc,GDL-b92859758d67,exact_duplicate,GDL-b92859758d67,True,논리 버전 하나로 연결하고 출처 발생 경로 보존,sources/raw/guidelines/sources/university_guidelines/current/학사관리과/GUIDE-788DEE4D0B67_학습윤리 강령/한국교통대학교 학습윤리 강령.hwp
EXACT-9e99a6bcbcdc,GDL-b92859758d67,exact_duplicate,GDL-b92859758d67,True,논리 버전 하나로 연결하고 출처 발생 경로 보존,sources/raw/guidelines/sources/university_guidelines/archive/GUIDE-788DEE4D0B67/versions/2017-12-04_1012574/other/한국교통대학교 학습윤리 강령.hwp
EXACT-9f9e7a7cb99d,GDL-343e3affdf72,exact_duplicate,GDL-343e3affdf72,True,논리 버전 하나로 연결하고 출처 발생 경로 보존,sources/raw/guidelines/sources/university_guidelines/archive/GUIDE-7E539D053E6C/versions/2023-08-09_1062446/other/한국교통대학교 교양교육과정 편성지침 일부개정(2023.8.9. 지침 제495호).hwp
EXACT-9fb853f55c71,GDL-f2f8b1295412,exact_duplicate,GDL-f2f8b1295412,True,논리 버전 하나로 연결하고 출처 발생 경로 보존,sources/raw/guidelines/sources/university_guidelines/archive/GUIDE-D2124BB316B4/versions/2024-02-22_1067364/amendment_reason/개정사유(한국교통대학교 학생자치기구 선거 시행세칙).hwp
EXACT-9fe0dce0cf2a,GDL-8a45306f55bc,exact_duplicate,GDL-8a45306f55bc,True,논리 버전 하나로 연결하고 출처 발생 경로 보존,sources/raw/guidelines/sources/university_guidelines/current/교무과/GUIDE-49ED2868DFC3_우수 교수상 시행지침/한국교통대학교 우수 교수상 시행지침 일부개정 공포문.hwp
EXACT-9fe0dce0cf2a,GDL-8a45306f55bc,exact_duplicate,GDL-8a45306f55bc,True,논리 버전 하나로 연결하고 출처 발생 경로 보존,sources/raw/guidelines/sources/university_guidelines/archive/GUIDE-49ED2868DFC3/versions/2021-11-01_1046528/full_text/한국교통대학교 우수 교수상 시행지침 일부개정 공포문.hwp
EXACT-a0c8510a649f,GDL-2c23d25ff6f2,exact_duplicate,GDL-2c23d25ff6f2,True,논리 버전 하나로 연결하고 출처 발생 경로 보존,sources/raw/guidelines/sources/university_guidelines/archive/GUIDE-5DBBB3362068/versions/2021-06-04_1042852/full_text/한국교통대학교 연구과제 등 신청 활성화 지원 지침.hwp
EXACT-a1251c248ad6,GDL-b65485acae27,exact_duplicate,GDL-b65485acae27,True,논리 버전 하나로 연결하고 출처 발생 경로 보존,sources/raw/guidelines/sources/university_guidelines/current/학사관리과/GUIDE-D96BC4EB85D6_2016학년도 교양교육과정 편성 지침/16학년도 교양교육과정 편성지침.hwp
EXACT-a1251c248ad6,GDL-b65485acae27,exact_duplicate,GDL-b65485acae27,True,논리 버전 하나로 연결하고 출처 발생 경로 보존,sources/raw/guidelines/sources/university_guidelines/archive/GUIDE-D96BC4EB85D6/versions/2016-01-08_5104/full_text/16학년도 교양교육과정 편성지침.hwp
EXACT-a1258f2e4e17,GDL-fb866888334d,exact_duplicate,GDL-fb866888334d,True,논리 버전 하나로 연결하고 출처 발생 경로 보존,sources/raw/guidelines/sources/university_guidelines/archive/GUIDE-44E52876592F/versions/2025-11-03_1083770/other/국립한국교통대학교 교육연구학생지도 비용 지급에 관한 지침 일부개정(2025.11.06. 630호).hwp
EXACT-a133dd3bdf70,GDL-b2e69b89f754,exact_duplicate,GDL-b2e69b89f754,True,논리 버전 하나로 연결하고 출처 발생 경로 보존,sources/raw/guidelines/sources/university_guidelines/archive/GUIDE-85D7B765E265/versions/2024-04-03_1068340/other/국립한국교통대학교 전임교원 강의책임시간 감면 지침 일부개정.hwp
EXACT-a1533fe55981,GDL-f2f8b1295412,exact_duplicate,GDL-f2f8b1295412,True,논리 버전 하나로 연결하고 출처 발생 경로 보존,sources/raw/guidelines/sources/university_guidelines/archive/GUIDE-D2124BB316B4/versions/2025-09-10_1082767/amendment_reason/개정사유(국립한국교통대학교 학생자치기구 선거 시행세칙)_20250910.hwp
EXACT-a1856b2fa0c9,GDL-4a55b26e3d6e,exact_duplicate,GDL-4a55b26e3d6e,True,논리 버전 하나로 연결하고 출처 발생 경로 보존,sources/raw/guidelines/sources/university_guidelines/current/입학관리본부/GUIDE-A62B9C8E5069_AO사정위원회 운영지침/AO사정위원회 운영지침.hwp
EXACT-a1856b2fa0c9,GDL-4a55b26e3d6e,exact_duplicate,GDL-4a55b26e3d6e,True,논리 버전 하나로 연결하고 출처 발생 경로 보존,sources/raw/guidelines/sources/university_guidelines/archive/GUIDE-A62B9C8E5069/versions/2015-04-21_5079/full_text/AO사정위원회 운영지침.hwp
EXACT-a19e27c3c91e,GDL-9e444aafc07a,exact_duplicate,GDL-9e444aafc07a,True,논리 버전 하나로 연결하고 출처 발생 경로 보존,sources/raw/guidelines/sources/university_guidelines/current/교무과/GUIDE-14C687D37715_교원 성과급적 연봉제 및 교원 업적평가 운영지침/교원 성과급적연봉제 및 교원 업적평가 운영지침(2017.7.19.).hwp
EXACT-a19e27c3c91e,GDL-9e444aafc07a,exact_duplicate,GDL-9e444aafc07a,True,논리 버전 하나로 연결하고 출처 발생 경로 보존,sources/raw/guidelines/sources/university_guidelines/archive/GUIDE-14C687D37715/versions/2017-07-19_1009748/full_text/교원 성과급적연봉제 및 교원 업적평가 운영지침(2017.7.19.).hwp
EXACT-a281381c4e2f,GDL-309d9ab0dc5a,exact_duplicate,GDL-309d9ab0dc5a,True,논리 버전 하나로 연결하고 출처 발생 경로 보존,sources/raw/guidelines/sources/university_guidelines/archive/GUIDE-A12FD1E1307D/versions/2024-09-26_1073999/full_text/국립한국교통대학교 졸업자격인증제 운영지침.hwp
EXACT-a2e3f2cab465,GDL-342bcc06da83,exact_duplicate,GDL-342bcc06da83,True,논리 버전 하나로 연결하고 출처 발생 경로 보존,sources/raw/guidelines/sources/university_guidelines/current/창의융합학부/GUIDE-26A2F2B07222_융합교육위원회 구성 및 운영지침/한국교통대학교 융합교육위원회 구성 및 운영 지침(2023.5.2).hwp
EXACT-a2e3f2cab465,GDL-342bcc06da83,exact_duplicate,GDL-342bcc06da83,True,논리 버전 하나로 연결하고 출처 발생 경로 보존,sources/raw/guidelines/sources/university_guidelines/archive/GUIDE-26A2F2B07222/versions/2023-05-02_1060559/full_text/한국교통대학교 융합교육위원회 구성 및 운영 지침(2023.5.2).hwp
EXACT-a33803378b2f,GDL-33f7ca2c2d3e,exact_duplicate,GDL-33f7ca2c2d3e,True,논리 버전 하나로 연결하고 출처 발생 경로 보존,sources/raw/guidelines/sources/university_guidelines/archive/GUIDE-7E193B1C5860/versions/2019-08-29_1026927/comparison_table/사회봉사활동 학점 인정 지침 일부개정안(신구조문 대비표).hwp
EXACT-a3d48c0aa878,GDL-fadfa47e88bd,exact_duplicate,GDL-fadfa47e88bd,True,논리 버전 하나로 연결하고 출처 발생 경로 보존,sources/raw/guidelines/sources/university_guidelines/current/기획과/GUIDE-56E7BA3C3950_대학정보공시 업무처리 지침/대학정보공시 업무처리 지침(20170301).hwp
EXACT-a3d48c0aa878,GDL-fadfa47e88bd,exact_duplicate,GDL-fadfa47e88bd,True,논리 버전 하나로 연결하고 출처 발생 경로 보존,sources/raw/guidelines/sources/university_guidelines/archive/GUIDE-56E7BA3C3950/versions/2017-03-01_1007012/full_text/대학정보공시 업무처리 지침(20170301).hwp
EXACT-a3fe83a4be3a,GDL-76134d62beb8,exact_duplicate,GDL-76134d62beb8,True,논리 버전 하나로 연결하고 출처 발생 경로 보존,sources/raw/guidelines/sources/university_guidelines/current/학생과/GUIDE-B28256E7F1B0_장학금 관리지침 공포2024.10.23/한국교통대학교 장학금 관리지침 일부 개정(공포 2024.10.23. 제577호).hwp
EXACT-a3fe83a4be3a,GDL-76134d62beb8,exact_duplicate,GDL-76134d62beb8,True,논리 버전 하나로 연결하고 출처 발생 경로 보존,sources/raw/guidelines/sources/university_guidelines/archive/GUIDE-B28256E7F1B0/versions/2024-10-23_1074568/full_text/한국교통대학교 장학금 관리지침 일부 개정(공포 2024.10.23. 제577호).hwp
EXACT-a41612892740,GDL-48778f914b35,exact_duplicate,GDL-48778f914b35,True,논리 버전 하나로 연결하고 출처 발생 경로 보존,sources/raw/guidelines/sources/university_guidelines/archive/GUIDE-6BBEE6543AB2/versions/2025-09-10_1082766/full_text/국립한국교통대학교 총학생회 회칙(2025.09.10. 전학대회 개정).hwp
EXACT-a471d96a8ba8,GDL-7de67b55727c,exact_duplicate,GDL-7de67b55727c,True,논리 버전 하나로 연결하고 출처 발생 경로 보존,sources/raw/guidelines/sources/university_guidelines/current/재무과/GUIDE-69E031E39ED6_시설물 사용료 징수지침/한국교통대학교 시설물 사용료 징수지침(제448호).hwp
EXACT-a471d96a8ba8,GDL-7de67b55727c,exact_duplicate,GDL-7de67b55727c,True,논리 버전 하나로 연결하고 출처 발생 경로 보존,sources/raw/guidelines/sources/university_guidelines/archive/GUIDE-69E031E39ED6/versions/2022-09-30_1055223/full_text/한국교통대학교 시설물 사용료 징수지침(제448호).hwp
EXACT-a5738455cad9,GDL-68ea985fd1a6,exact_duplicate,GDL-68ea985fd1a6,True,논리 버전 하나로 연결하고 출처 발생 경로 보존,sources/raw/guidelines/sources/university_guidelines/current/기획과/GUIDE-8A7BBA163E77_재정지원사업 통합운영위원회 지침/한국교통대학교 대학혁신총괄위원회 지침(자구수정).hwp
EXACT-a5738455cad9,GDL-68ea985fd1a6,exact_duplicate,GDL-68ea985fd1a6,True,논리 버전 하나로 연결하고 출처 발생 경로 보존,sources/raw/guidelines/sources/university_guidelines/archive/GUIDE-8A7BBA163E77/versions/2022-04-05_1050995/full_text/한국교통대학교 대학혁신총괄위원회 지침(자구수정).hwp
EXACT-a57cca64aae9,GDL-8996d767d6e8,exact_duplicate,GDL-8996d767d6e8,True,논리 버전 하나로 연결하고 출처 발생 경로 보존,sources/raw/guidelines/sources/university_guidelines/archive/GUIDE-A171780FE5F6/versions/2023-01-05_1058045/full_text/교육수요자 만족도 관리 지침(2023.1.5.공포 지침 제468호).hwp
EXACT-a62158e3e3f3,GDL-9f39b180e790,exact_duplicate,GDL-9f39b180e790,True,논리 버전 하나로 연결하고 출처 발생 경로 보존,sources/raw/guidelines/sources/university_guidelines/current/제2행정실/GUIDE-138C39B1B23E_대학원 장학금 지급지침/한국교통대학교 대학원 장학금 지급 지침(지침 제392호. 2021.10.18.).hwp
EXACT-a62158e3e3f3,GDL-9f39b180e790,exact_duplicate,GDL-9f39b180e790,True,논리 버전 하나로 연결하고 출처 발생 경로 보존,sources/raw/guidelines/sources/university_guidelines/archive/GUIDE-138C39B1B23E/versions/2021-10-18_1046046/full_text/한국교통대학교 대학원 장학금 지급 지침(지침 제392호. 2021.10.18.).hwp
EXACT-a66fa31f4ec0,GDL-d795ba5c8eb7,exact_duplicate,GDL-d795ba5c8eb7,True,논리 버전 하나로 연결하고 출처 발생 경로 보존,sources/raw/guidelines/sources/university_guidelines/archive/GUIDE-0569F1E586C1/versions/2026-02-02_1085886/other/국립한국교통대학교 행정조직 팀제 운영지침 일부개정(안).hwp
EXACT-a6ebbc54001e,GDL-2a8d06b8d2d1,exact_duplicate,GDL-2a8d06b8d2d1,True,논리 버전 하나로 연결하고 출처 발생 경로 보존,sources/raw/guidelines/sources/university_guidelines/archive/GUIDE-C6384FF073D6/versions/2024-05-09_1069469/other/국립한국교통대학교 3C인재 인증제 운영지침 일부개정(2024.5.9. 지침 제538호).hwp
EXACT-a7668a18918f,GDL-9e444aafc07a,exact_duplicate,GDL-9e444aafc07a,True,논리 버전 하나로 연결하고 출처 발생 경로 보존,sources/raw/guidelines/sources/university_guidelines/current/교무과/GUIDE-794C7C417219_교원 성과급적연봉제 및 교원 업적평가 운영지침/(지침 제175호) 교원 성과급적연봉제 및 교원 업적평가 운영지침 (2018.9.4.).hwp
EXACT-a7668a18918f,GDL-9e444aafc07a,exact_duplicate,GDL-9e444aafc07a,True,논리 버전 하나로 연결하고 출처 발생 경로 보존,sources/raw/guidelines/sources/university_guidelines/archive/GUIDE-794C7C417219/versions/2018-09-04_1019283/full_text/(지침 제175호) 교원 성과급적연봉제 및 교원 업적평가 운영지침 (2018.9.4.).hwp
EXACT-a76a547c6be3,GDL-64407aded2db,exact_duplicate,GDL-64407aded2db,True,논리 버전 하나로 연결하고 출처 발생 경로 보존,sources/raw/guidelines/sources/university_guidelines/current/지역혁신전략실/GUIDE-FD68BA1805AF_충북 PRIDE 공유대학 소단위 전공과정 운영 지침/2. 국립한국교통대학교 충북 PRIDE 공유대학 소단위 전공과정 운영 지침 제정_2025.6.9. 제611호.hwp
EXACT-a76a547c6be3,GDL-64407aded2db,exact_duplicate,GDL-64407aded2db,True,논리 버전 하나로 연결하고 출처 발생 경로 보존,sources/raw/guidelines/sources/university_guidelines/archive/GUIDE-FD68BA1805AF/versions/2025-06-09_1080138/full_text/2. 국립한국교통대학교 충북 PRIDE 공유대학 소단위 전공과정 운영 지침 제정_2025.6.9. 제611호.hwp
EXACT-a797b8ccae20,GDL-67f31fdb7fc8,exact_duplicate,GDL-67f31fdb7fc8,True,논리 버전 하나로 연결하고 출처 발생 경로 보존,sources/raw/guidelines/sources/university_guidelines/archive/GUIDE-9419508E3700/versions/2019-04-11_1024046/full_text/[붙임1] 한국교통대학교 학과평가 지침_20190411.hwp
EXACT-a7d12abecaa8,GDL-e6e29be52a8c,exact_duplicate,GDL-e6e29be52a8c,True,논리 버전 하나로 연결하고 출처 발생 경로 보존,sources/raw/guidelines/sources/university_guidelines/current/생명윤리위원회/GUIDE-EFF8467A1444_연구자를 위한 생명윤리지침/한국교통대학교 연구자를 위한 생명윤리지침(2023.11.13. 제512호).hwp
EXACT-a7d12abecaa8,GDL-e6e29be52a8c,exact_duplicate,GDL-e6e29be52a8c,True,논리 버전 하나로 연결하고 출처 발생 경로 보존,sources/raw/guidelines/sources/university_guidelines/archive/GUIDE-EFF8467A1444/versions/2023-11-13_1065007/full_text/한국교통대학교 연구자를 위한 생명윤리지침(2023.11.13. 제512호).hwp
EXACT-a7df5b151c46,GDL-309d9ab0dc5a,exact_duplicate,GDL-309d9ab0dc5a,True,논리 버전 하나로 연결하고 출처 발생 경로 보존,sources/raw/guidelines/sources/university_guidelines/archive/GUIDE-A12FD1E1307D/versions/2026-01-06_1085254/full_text/국립한국교통대학교 졸업자격인증제 운영지침(제639호).hwp
EXACT-a854afd830be,GDL-57dae907c38b,exact_duplicate,GDL-57dae907c38b,True,논리 버전 하나로 연결하고 출처 발생 경로 보존,sources/raw/guidelines/sources/university_guidelines/current/생명윤리위원회/GUIDE-F615406683D4_생명윤리위원회 표준운영지침/한국교통대학교 생명윤리위원회 표준운영지침 폐지(2023.10.24. 지침 509호).hwp
EXACT-a854afd830be,GDL-57dae907c38b,exact_duplicate,GDL-57dae907c38b,True,논리 버전 하나로 연결하고 출처 발생 경로 보존,sources/raw/guidelines/sources/university_guidelines/archive/GUIDE-F615406683D4/versions/2023-10-24_1064809/full_text/한국교통대학교 생명윤리위원회 표준운영지침 폐지(2023.10.24. 지침 509호).hwp
EXACT-aa672079c198,GDL-32de610a28f1,exact_duplicate,GDL-32de610a28f1,True,논리 버전 하나로 연결하고 출처 발생 경로 보존,sources/raw/guidelines/sources/university_guidelines/current/학사관리과/GUIDE-7A806E92E0B4_와 국내외 대학 간 공동복수학위과정 운영 지침/공동학위 및 복수학위 운영지침(2025.7.9).hwp
EXACT-aa672079c198,GDL-32de610a28f1,exact_duplicate,GDL-32de610a28f1,True,논리 버전 하나로 연결하고 출처 발생 경로 보존,sources/raw/guidelines/sources/university_guidelines/archive/GUIDE-7A806E92E0B4/versions/2025-07-09_1080804/full_text/공동학위 및 복수학위 운영지침(2025.7.9).hwp
EXACT-abc7fcc405b4,GDL-4a024f053947,exact_duplicate,GDL-4a024f053947,True,논리 버전 하나로 연결하고 출처 발생 경로 보존,sources/raw/guidelines/sources/university_guidelines/archive/GUIDE-7EA6933A9DFD/versions/2020-04-21_1032365/full_text/조교 성과급 지급 지침(2020.4.21.제262호).hwp
EXACT-ad85fdfaac1c,GDL-e4f7344f8716,exact_duplicate,GDL-e4f7344f8716,True,논리 버전 하나로 연결하고 출처 발생 경로 보존,sources/raw/guidelines/sources/university_guidelines/archive/GUIDE-801125AD540F/versions/2024-03-21_1068020/other/강의관리지침 일부개정(제529호 2024.3.21.).hwp
EXACT-adbc34b6bbb6,GDL-503ca78dfc26,exact_duplicate,GDL-503ca78dfc26,True,논리 버전 하나로 연결하고 출처 발생 경로 보존,sources/raw/guidelines/sources/university_guidelines/current/대학교육혁신원/GUIDE-AE8F52381F4E_교양 및 융합교육 기획위원회 구성 및 운영 지침/교양 및 융합교육 기획위원회 구성 및 운영 지침(폼페이지).hwp
EXACT-adbc34b6bbb6,GDL-503ca78dfc26,exact_duplicate,GDL-503ca78dfc26,True,논리 버전 하나로 연결하고 출처 발생 경로 보존,sources/raw/guidelines/sources/university_guidelines/archive/GUIDE-AE8F52381F4E/versions/2020-08-10_1034831/full_text/교양 및 융합교육 기획위원회 구성 및 운영 지침(폼페이지).hwp
EXACT-adbf2113bff8,GDL-4cca76bcc4ce,exact_duplicate,GDL-4cca76bcc4ce,True,논리 버전 하나로 연결하고 출처 발생 경로 보존,sources/raw/guidelines/sources/university_guidelines/archive/GUIDE-A6F09F22A73A/versions/2018-09-14_1019275/full_text/교육공무원 복무처리 요령(2018.9.14. 지침 제181호)_홈페이지 탑재.hwp
EXACT-ae359b19a74d,GDL-2a8d06b8d2d1,exact_duplicate,GDL-2a8d06b8d2d1,True,논리 버전 하나로 연결하고 출처 발생 경로 보존,sources/raw/guidelines/sources/university_guidelines/current/학사관리과/GUIDE-D12AE3646D64_3C인재 인증제 운영 지침/국립한국교통대학교 3C인재 인증제 운영지침.hwp
EXACT-ae359b19a74d,GDL-2a8d06b8d2d1,exact_duplicate,GDL-2a8d06b8d2d1,True,논리 버전 하나로 연결하고 출처 발생 경로 보존,sources/raw/guidelines/sources/university_guidelines/archive/GUIDE-D12AE3646D64/versions/2024-09-26_1074000/full_text/국립한국교통대학교 3C인재 인증제 운영지침.hwp
EXACT-ae8efb4b06e9,GDL-123a1df8db96,exact_duplicate,GDL-123a1df8db96,True,논리 버전 하나로 연결하고 출처 발생 경로 보존,sources/raw/guidelines/sources/university_guidelines/current/산학협력단/GUIDE-3A17FC638960_국제학술회의 참가경비 지원지침/3. 국립한국교통대학교 국제학술회의 참가경비 지원지침_541호.hwp
EXACT-ae8efb4b06e9,GDL-123a1df8db96,exact_duplicate,GDL-123a1df8db96,True,논리 버전 하나로 연결하고 출처 발생 경로 보존,sources/raw/guidelines/sources/university_guidelines/archive/GUIDE-3A17FC638960/versions/2024-05-09_1069411/full_text/3. 국립한국교통대학교 국제학술회의 참가경비 지원지침_541호.hwp
EXACT-b00e54526e0c,GDL-ef03ed6706d9,exact_duplicate,GDL-ef03ed6706d9,True,논리 버전 하나로 연결하고 출처 발생 경로 보존,sources/raw/guidelines/sources/university_guidelines/current/국제교류본부/GUIDE-3766E138B8D4_해외 어학연수 학점 인정 교과목 운영 지침/한국교통대학교 해외어학연수 교과목 운영 지침 일부개정(2022.10.19.제450호).hwp
EXACT-b00e54526e0c,GDL-ef03ed6706d9,exact_duplicate,GDL-ef03ed6706d9,True,논리 버전 하나로 연결하고 출처 발생 경로 보존,sources/raw/guidelines/sources/university_guidelines/archive/GUIDE-3766E138B8D4/versions/2022-10-19_1055669/other/한국교통대학교 해외어학연수 교과목 운영 지침 일부개정(2022.10.19.제450호).hwp
EXACT-b039b2fb8d52,GDL-cd12a25052f3,exact_duplicate,GDL-cd12a25052f3,True,논리 버전 하나로 연결하고 출처 발생 경로 보존,sources/raw/guidelines/sources/university_guidelines/current/입학과/GUIDE-0A01D73FDA1E_대학입학전형 공정성 확보시스템 운영 지침/1. 대학입학전형 공정성 확보시스템 운영 지침(2024.3.28.제531호).pdf
EXACT-b039b2fb8d52,GDL-cd12a25052f3,exact_duplicate,GDL-cd12a25052f3,True,논리 버전 하나로 연결하고 출처 발생 경로 보존,sources/raw/guidelines/sources/university_guidelines/archive/GUIDE-0A01D73FDA1E/versions/2024-03-28_1068199/full_text/1. 대학입학전형 공정성 확보시스템 운영 지침(2024.3.28.제531호).pdf
EXACT-b1ef77fb1529,GDL-7a244d40fb74,exact_duplicate,GDL-7a244d40fb74,True,논리 버전 하나로 연결하고 출처 발생 경로 보존,sources/raw/guidelines/sources/university_guidelines/current/교무과/GUIDE-8C1BBF52E18C_교육연구학생지도비 비용 지급에 관한 지침/교육연구학생지도 비용 지급에 관한 지침(2019.10.24.)_개정.hwp
EXACT-b1ef77fb1529,GDL-7a244d40fb74,exact_duplicate,GDL-7a244d40fb74,True,논리 버전 하나로 연결하고 출처 발생 경로 보존,sources/raw/guidelines/sources/university_guidelines/archive/GUIDE-8C1BBF52E18C/versions/2019-10-24_1031354/full_text/교육연구학생지도 비용 지급에 관한 지침(2019.10.24.)_개정.hwp
EXACT-b205f76e0e04,GDL-3f9d53300aa3,exact_duplicate,GDL-3f9d53300aa3,True,논리 버전 하나로 연결하고 출처 발생 경로 보존,sources/raw/guidelines/sources/university_guidelines/archive/GUIDE-ABD0978DBA24/versions/2015-04-20_5074/full_text/14-산학협력단 취업규칙(20150417).hwp
EXACT-b25efdfb62be,GDL-7264f315e220,exact_duplicate,GDL-7264f315e220,True,논리 버전 하나로 연결하고 출처 발생 경로 보존,"sources/raw/guidelines/sources/university_guidelines/current/학사관리과/GUIDE-8AA4B3D07447_자유전공학부 학과, 전공 배정 지침/국립한국교통대학교 자유전공학부 배정지침.hwp"
EXACT-b25efdfb62be,GDL-7264f315e220,exact_duplicate,GDL-7264f315e220,True,논리 버전 하나로 연결하고 출처 발생 경로 보존,sources/raw/guidelines/sources/university_guidelines/archive/GUIDE-8AA4B3D07447/versions/2024-12-10_1075561/full_text/국립한국교통대학교 자유전공학부 배정지침.hwp
EXACT-b27e64aab30b,GDL-343e3affdf72,exact_duplicate,GDL-343e3affdf72,True,논리 버전 하나로 연결하고 출처 발생 경로 보존,sources/raw/guidelines/sources/university_guidelines/archive/GUIDE-7E539D053E6C/versions/2023-01-03_1058084/amendment_reason/개정사유 및 신구조문 대비표.hwp
EXACT-b27f3fcda2ee,GDL-479a733267fe,exact_duplicate,GDL-479a733267fe,True,논리 버전 하나로 연결하고 출처 발생 경로 보존,sources/raw/guidelines/sources/university_guidelines/current/산학협력단/GUIDE-FFDC5D012772_학생연구자 지원 지침/한국교통대학교 학생연구자 지원 지침(2021-12-10).hwp
EXACT-b27f3fcda2ee,GDL-479a733267fe,exact_duplicate,GDL-479a733267fe,True,논리 버전 하나로 연결하고 출처 발생 경로 보존,sources/raw/guidelines/sources/university_guidelines/archive/GUIDE-FFDC5D012772/versions/2021-12-10_1047565/full_text/한국교통대학교 학생연구자 지원 지침(2021-12-10).hwp
EXACT-b2a74aa813d8,GDL-343e3affdf72,exact_duplicate,GDL-343e3affdf72,True,논리 버전 하나로 연결하고 출처 발생 경로 보존,sources/raw/guidelines/sources/university_guidelines/archive/GUIDE-7E539D053E6C/versions/2019-12-30_1029416/full_text/한국교통대학교 교양교육과정 편성지침.hwp
EXACT-b2ac5f76c77c,GDL-ab32e271568e,exact_duplicate,GDL-ab32e271568e,True,논리 버전 하나로 연결하고 출처 발생 경로 보존,sources/raw/guidelines/sources/university_guidelines/current/학사관리과/GUIDE-A52CB816A475_2015학년도 교양교과 교육과정 편성지침/2015-04-03-2015학년도 교양교과 교육과정 편성 지침.hwp
EXACT-b2ac5f76c77c,GDL-ab32e271568e,exact_duplicate,GDL-ab32e271568e,True,논리 버전 하나로 연결하고 출처 발생 경로 보존,sources/raw/guidelines/sources/university_guidelines/archive/GUIDE-A52CB816A475/versions/2015-04-03_5075/full_text/2015-04-03-2015학년도 교양교과 교육과정 편성 지침.hwp
EXACT-b312b4e06a89,GDL-6dca56c1e6b4,exact_duplicate,GDL-6dca56c1e6b4,True,논리 버전 하나로 연결하고 출처 발생 경로 보존,sources/raw/guidelines/sources/university_guidelines/archive/GUIDE-334752E393FA/versions/2024-03-06_1067646/amendment_reason/개정사유서 및 신구대조표(국립한국교통대학교 대학의 평생교육체제지원사업 운영지침 일부개정).hwp
EXACT-b38bc82e1b1e,GDL-d08e9ceab0cd,exact_duplicate,GDL-d08e9ceab0cd,True,논리 버전 하나로 연결하고 출처 발생 경로 보존,sources/raw/guidelines/sources/university_guidelines/current/공동실험실습관/GUIDE-B4D85B7AEB25_공동실험실습관 직원 보수 지침/공동실험실습관 직원 보수 지침(2019.08.16 제215호).hwp
EXACT-b38bc82e1b1e,GDL-d08e9ceab0cd,exact_duplicate,GDL-d08e9ceab0cd,True,논리 버전 하나로 연결하고 출처 발생 경로 보존,sources/raw/guidelines/sources/university_guidelines/archive/GUIDE-B4D85B7AEB25/versions/2019-08-16_1034523/full_text/공동실험실습관 직원 보수 지침(2019.08.16 제215호).hwp
EXACT-b3fa28109b16,GDL-a1a319d4b286,exact_duplicate,GDL-a1a319d4b286,True,논리 버전 하나로 연결하고 출처 발생 경로 보존,sources/raw/guidelines/sources/university_guidelines/archive/GUIDE-FB3F588A8AFC/versions/2021-06-04_1042851/full_text/한국교통대학교 산학협력상 지침.hwp
EXACT-b4229420669c,GDL-c08d9e1b3746,exact_duplicate,GDL-c08d9e1b3746,True,논리 버전 하나로 연결하고 출처 발생 경로 보존,sources/raw/guidelines/sources/university_guidelines/archive/GUIDE-751A28AA3AB2/versions/2021-06-08_1042933/other/한국교통대학교 특화산업별 산업체협업센터(ICC) 운영지침 일부개정.hwp
EXACT-b4a759d13634,GDL-fb866888334d,exact_duplicate,GDL-fb866888334d,True,논리 버전 하나로 연결하고 출처 발생 경로 보존,sources/raw/guidelines/sources/university_guidelines/archive/GUIDE-44E52876592F/versions/2023-05-23_1061042/full_text/한국교통대학교 교육연구학생지도 비용 지급에 관한 지침(제487호 2023.05.23).hwp
EXACT-b4d0c17c7869,GDL-980f83f6be16,exact_duplicate,GDL-980f83f6be16,True,논리 버전 하나로 연결하고 출처 발생 경로 보존,sources/raw/guidelines/sources/university_guidelines/current/산학협력단/GUIDE-6656A1106012_가족회사 규정 세부운영지침/한국교통대학교 가족회사규정 세부운영지침(지침 제364호).hwp
EXACT-b4d0c17c7869,GDL-980f83f6be16,exact_duplicate,GDL-980f83f6be16,True,논리 버전 하나로 연결하고 출처 발생 경로 보존,sources/raw/guidelines/sources/university_guidelines/archive/GUIDE-6656A1106012/versions/2021-05-25_1042838/full_text/한국교통대학교 가족회사규정 세부운영지침(지침 제364호).hwp
EXACT-b4db82d04eaf,GDL-f2f8b1295412,exact_duplicate,GDL-f2f8b1295412,True,논리 버전 하나로 연결하고 출처 발생 경로 보존,sources/raw/guidelines/sources/university_guidelines/archive/GUIDE-D2124BB316B4/versions/2026-02-02_1086137/amendment_reason/개정사유(국립한국교통대학교 학생자치기구 선거 시행세칙)_20260202.hwp
EXACT-b53710a1cb30,GDL-f0513d11780b,exact_duplicate,GDL-f0513d11780b,True,논리 버전 하나로 연결하고 출처 발생 경로 보존,sources/raw/guidelines/sources/university_guidelines/current/기획과/GUIDE-2E8B2F7867F8_부서평가 지침 2020.02.17/[붙임1] 한국교통대학교 부서평가 지침_20200217.hwp
EXACT-b53710a1cb30,GDL-f0513d11780b,exact_duplicate,GDL-f0513d11780b,True,논리 버전 하나로 연결하고 출처 발생 경로 보존,sources/raw/guidelines/sources/university_guidelines/archive/GUIDE-2E8B2F7867F8/versions/2020-02-17_1030828/full_text/[붙임1] 한국교통대학교 부서평가 지침_20200217.hwp
EXACT-b548531282f3,GDL-fb866888334d,exact_duplicate,GDL-fb866888334d,True,논리 버전 하나로 연결하고 출처 발생 경로 보존,sources/raw/guidelines/sources/university_guidelines/archive/GUIDE-44E52876592F/versions/2020-04-22_1032366/full_text/교육연구학생지도 비용 지급에 관한 지침(2020.04.22.)-개정.hwp
EXACT-b5829cc3d000,GDL-67f31fdb7fc8,exact_duplicate,GDL-67f31fdb7fc8,True,논리 버전 하나로 연결하고 출처 발생 경로 보존,sources/raw/guidelines/sources/university_guidelines/archive/GUIDE-9419508E3700/versions/2024-03-04_1067693/full_text/국립한국교통대학교 학과평가 지침(전문).hwp
EXACT-b6ba434386d8,GDL-a76ee643413e,exact_duplicate,GDL-a76ee643413e,True,논리 버전 하나로 연결하고 출처 발생 경로 보존,sources/raw/guidelines/sources/university_guidelines/current/입학관리본부/GUIDE-5A88E2367E0B_교육대학원과 외국대학과의 복수학위제 운영지침/교육대학원과 외국대학과의 복수학위제 운영지침(20150326).hwp
EXACT-b6ba434386d8,GDL-a76ee643413e,exact_duplicate,GDL-a76ee643413e,True,논리 버전 하나로 연결하고 출처 발생 경로 보존,sources/raw/guidelines/sources/university_guidelines/archive/GUIDE-5A88E2367E0B/versions/2015-04-23_5096/full_text/교육대학원과 외국대학과의 복수학위제 운영지침(20150326).hwp
EXACT-b6f7cd908990,GDL-51580326b137,exact_duplicate,GDL-51580326b137,True,논리 버전 하나로 연결하고 출처 발생 경로 보존,sources/raw/guidelines/sources/university_guidelines/current/교무과/GUIDE-7EA6933A9DFD_조교 성과급 지급 지침/조교 성과급 지급 지침 개정(2023.3.15. 제476호).hwp
EXACT-b6f7cd908990,GDL-51580326b137,exact_duplicate,GDL-51580326b137,True,논리 버전 하나로 연결하고 출처 발생 경로 보존,sources/raw/guidelines/sources/university_guidelines/archive/GUIDE-7EA6933A9DFD/versions/2023-03-15_1059526/full_text/조교 성과급 지급 지침 개정(2023.3.15. 제476호).hwp
EXACT-b71777cf0292,GDL-6d781a036cac,exact_duplicate,GDL-6d781a036cac,True,논리 버전 하나로 연결하고 출처 발생 경로 보존,sources/raw/guidelines/sources/university_guidelines/archive/GUIDE-BC0AC2DE0725/versions/2022-11-29_1057124/full_text/한국교통대학교 산학협력정보담당관 운영 지침(2022.11.29. 지침 제459호).hwp
EXACT-b719d372f654,GDL-fb866888334d,exact_duplicate,GDL-fb866888334d,True,논리 버전 하나로 연결하고 출처 발생 경로 보존,sources/raw/guidelines/sources/university_guidelines/archive/GUIDE-44E52876592F/versions/2022-07-20_1053156/full_text/한국교통대학교 교육연구학생지도 비용 지급에 관한 지침(지침 제437호)_20220720.hwp
EXACT-b72073a9a60e,GDL-7a155afac3d4,exact_duplicate,GDL-7a155afac3d4,True,논리 버전 하나로 연결하고 출처 발생 경로 보존,"sources/raw/guidelines/sources/university_guidelines/current/교무과/GUIDE-5FE29B914CC8_겸임교원 등의 인사에 관한 지침 ,/국립한국교통대학교 겸임교원 등의 인사에 관한 지침(제592호 2025.01.17. 일부개정).hwp"
EXACT-b72073a9a60e,GDL-7a155afac3d4,exact_duplicate,GDL-7a155afac3d4,True,논리 버전 하나로 연결하고 출처 발생 경로 보존,sources/raw/guidelines/sources/university_guidelines/archive/GUIDE-5FE29B914CC8/versions/2025-01-17_1076701/other/국립한국교통대학교 겸임교원 등의 인사에 관한 지침(제592호 2025.01.17. 일부개정).hwp
EXACT-b75c2f9a9b2c,GDL-1400a01a0687,exact_duplicate,GDL-1400a01a0687,True,논리 버전 하나로 연결하고 출처 발생 경로 보존,sources/raw/guidelines/sources/university_guidelines/archive/GUIDE-2A1F64267C75/versions/2020-04-06_1032248/full_text/한국교통대학교 대학원 장학금 지급 지침.hwp
EXACT-b7df864346f9,GDL-343e3affdf72,exact_duplicate,GDL-343e3affdf72,True,논리 버전 하나로 연결하고 출처 발생 경로 보존,sources/raw/guidelines/sources/university_guidelines/archive/GUIDE-7E539D053E6C/versions/2021-06-28_1043348/full_text/한국교통대학교 교양교육과정 편성지침.hwp
EXACT-b82b5bb63856,GDL-69573bedaec2,exact_duplicate,GDL-69573bedaec2,True,논리 버전 하나로 연결하고 출처 발생 경로 보존,sources/raw/guidelines/sources/university_guidelines/current/학사관리과/GUIDE-D206D2689AF7_집중이수제 운영 지침/한국교통대학교 집중이수제 운영 지침(지침 제297호).hwp
EXACT-b82b5bb63856,GDL-69573bedaec2,exact_duplicate,GDL-69573bedaec2,True,논리 버전 하나로 연결하고 출처 발생 경로 보존,sources/raw/guidelines/sources/university_guidelines/archive/GUIDE-D206D2689AF7/versions/2020-10-23_1036657/full_text/한국교통대학교 집중이수제 운영 지침(지침 제297호).hwp
EXACT-b87f7081d2e2,GDL-8a45306f55bc,exact_duplicate,GDL-8a45306f55bc,True,논리 버전 하나로 연결하고 출처 발생 경로 보존,sources/raw/guidelines/sources/university_guidelines/archive/GUIDE-49ED2868DFC3/versions/2021-11-01_1046528/full_text/한국교통대학교 우수 교수상 시행지침 일부개정 전문(2021.11.1. 지침 제395호).hwp
EXACT-b912bf3e8e5d,GDL-b692d0b3eed2,exact_duplicate,GDL-b692d0b3eed2,True,논리 버전 하나로 연결하고 출처 발생 경로 보존,"sources/raw/guidelines/sources/university_guidelines/current/기획과/GUIDE-2467D1B74AAC_통합성과관리시스템 운영 지침 ,/한국교통대학교 경영성과관리시스템 운영 지침(제390호 2021.9.13.).hwp"
EXACT-b912bf3e8e5d,GDL-b692d0b3eed2,exact_duplicate,GDL-b692d0b3eed2,True,논리 버전 하나로 연결하고 출처 발생 경로 보존,sources/raw/guidelines/sources/university_guidelines/archive/GUIDE-2467D1B74AAC/versions/2021-09-13_1059459/full_text/한국교통대학교 경영성과관리시스템 운영 지침(제390호 2021.9.13.).hwp
EXACT-b922128d6e73,GDL-cbfd7dea910c,exact_duplicate,GDL-cbfd7dea910c,True,논리 버전 하나로 연결하고 출처 발생 경로 보존,sources/raw/guidelines/sources/university_guidelines/current/학사관리과/GUIDE-AA42176733E3_졸업자격인증제 운영지침 일부/한국교통대학교 졸업자격인증제 운영 지침 개정(2023.7.10. 제494호).hwp
EXACT-b922128d6e73,GDL-cbfd7dea910c,exact_duplicate,GDL-cbfd7dea910c,True,논리 버전 하나로 연결하고 출처 발생 경로 보존,sources/raw/guidelines/sources/university_guidelines/archive/GUIDE-AA42176733E3/versions/2023-07-10_1061893/full_text/한국교통대학교 졸업자격인증제 운영 지침 개정(2023.7.10. 제494호).hwp
EXACT-b9bf19a8dbd2,GDL-d795ba5c8eb7,exact_duplicate,GDL-d795ba5c8eb7,True,논리 버전 하나로 연결하고 출처 발생 경로 보존,sources/raw/guidelines/sources/university_guidelines/archive/GUIDE-0569F1E586C1/versions/2020-07-29_1034485/full_text/한국교통대학교 행정조직 팀제 운영지침(제280호).hwp
EXACT-ba2ebf64fc74,GDL-309d9ab0dc5a,exact_duplicate,GDL-309d9ab0dc5a,True,논리 버전 하나로 연결하고 출처 발생 경로 보존,sources/raw/guidelines/sources/university_guidelines/archive/GUIDE-A12FD1E1307D/versions/2021-08-30_1044739/amendment_reason/개정사유 및 신구조문대비표.hwp
EXACT-ba97360730f9,GDL-f0513d11780b,exact_duplicate,GDL-f0513d11780b,True,논리 버전 하나로 연결하고 출처 발생 경로 보존,sources/raw/guidelines/sources/university_guidelines/current/기획과/GUIDE-DB05065263B2_부서평가 지침/국립한국교통대학교 부서평가 지침(2025.12.30. 지침 제641호).hwp
EXACT-ba97360730f9,GDL-f0513d11780b,exact_duplicate,GDL-f0513d11780b,True,논리 버전 하나로 연결하고 출처 발생 경로 보존,sources/raw/guidelines/sources/university_guidelines/archive/GUIDE-DB05065263B2/versions/2025-12-30_1085137/full_text/국립한국교통대학교 부서평가 지침(2025.12.30. 지침 제641호).hwp
EXACT-bac0380ac997,GDL-343e3affdf72,exact_duplicate,GDL-343e3affdf72,True,논리 버전 하나로 연결하고 출처 발생 경로 보존,sources/raw/guidelines/sources/university_guidelines/archive/GUIDE-7E539D053E6C/versions/2018-02-08_1014883/full_text/한국교통대학교 교양교육과정 편성지침.hwp
EXACT-bac9578bd653,GDL-9c85ae14949a,exact_duplicate,GDL-9c85ae14949a,True,논리 버전 하나로 연결하고 출처 발생 경로 보존,sources/raw/guidelines/sources/university_guidelines/current/총장임용추천위원회/GUIDE-B38559026706_총장임용후보자 선정 규정 시행세칙/한국교통대학교 총장임용후보자 선정 규정 시행세칙 개정(제149호) 최종.hwp
EXACT-bac9578bd653,GDL-9c85ae14949a,exact_duplicate,GDL-9c85ae14949a,True,논리 버전 하나로 연결하고 출처 발생 경로 보존,sources/raw/guidelines/sources/university_guidelines/archive/GUIDE-B38559026706/versions/2018-01-02_1013403/other/한국교통대학교 총장임용후보자 선정 규정 시행세칙 개정(제149호) 최종.hwp
EXACT-baeefbfb8b52,GDL-7664619720cc,exact_duplicate,GDL-7664619720cc,True,논리 버전 하나로 연결하고 출처 발생 경로 보존,sources/raw/guidelines/sources/university_guidelines/archive/GUIDE-CD80FC6243BB/versions/2022-11-01_1056114/other/한국교통대학교 미래융합대학 학습경험인정에 관한 지침 일부개정(안)(2022.11.1. 452호).hwp
EXACT-bb569fdecc65,GDL-bfa075de61f2,exact_duplicate,GDL-bfa075de61f2,True,논리 버전 하나로 연결하고 출처 발생 경로 보존,sources/raw/guidelines/sources/university_guidelines/current/생명윤리심의위원회/GUIDE-E0BB619A756A_생명윤리심의위원회 연구자를 위한 윤리 지침/한국교통대학교 생명윤리위원회 연구자를 위한 윤리 지침(2019.4.1.제201호).hwp
EXACT-bb569fdecc65,GDL-bfa075de61f2,exact_duplicate,GDL-bfa075de61f2,True,논리 버전 하나로 연결하고 출처 발생 경로 보존,sources/raw/guidelines/sources/university_guidelines/archive/GUIDE-E0BB619A756A/versions/2019-04-01_1024178/full_text/한국교통대학교 생명윤리위원회 연구자를 위한 윤리 지침(2019.4.1.제201호).hwp
EXACT-bb6441e25dee,GDL-7a7ba5ce9dda,exact_duplicate,GDL-7a7ba5ce9dda,True,논리 버전 하나로 연결하고 출처 발생 경로 보존,sources/raw/guidelines/sources/university_guidelines/current/산학협력단/GUIDE-0E2FCCB1751F_대응자금 지원 지침/7. 국립한국교통대학교 대응자금 지원 지침_545호.hwp
EXACT-bb6441e25dee,GDL-7a7ba5ce9dda,exact_duplicate,GDL-7a7ba5ce9dda,True,논리 버전 하나로 연결하고 출처 발생 경로 보존,sources/raw/guidelines/sources/university_guidelines/archive/GUIDE-0E2FCCB1751F/versions/2024-05-09_1069415/full_text/7. 국립한국교통대학교 대응자금 지원 지침_545호.hwp
EXACT-bbbcdf1a81a0,GDL-b2e69b89f754,exact_duplicate,GDL-b2e69b89f754,True,논리 버전 하나로 연결하고 출처 발생 경로 보존,sources/raw/guidelines/sources/university_guidelines/archive/GUIDE-489D1123DCFE/versions/2020-09-10_1035492/other/한국교통대학교 전임교원 강의 책임시간 감면 지침 일부개정(지침 제295호).hwp
EXACT-bbe5c668924a,GDL-6dc05c000f58,exact_duplicate,GDL-6dc05c000f58,True,논리 버전 하나로 연결하고 출처 발생 경로 보존,sources/raw/guidelines/sources/university_guidelines/current/학사관리과/GUIDE-12506F60B2A0_학생 지도교수제 운영지침 2023.4.4/학생 지도교수제 운영지침 (개정 2023. 4. 4. 지침 제479호).hwp
EXACT-bbe5c668924a,GDL-6dc05c000f58,exact_duplicate,GDL-6dc05c000f58,True,논리 버전 하나로 연결하고 출처 발생 경로 보존,sources/raw/guidelines/sources/university_guidelines/archive/GUIDE-12506F60B2A0/versions/2023-04-04_1059995/full_text/학생 지도교수제 운영지침 (개정 2023. 4. 4. 지침 제479호).hwp
EXACT-bc82779d4ddf,GDL-cc6c7f3a04fa,exact_duplicate,GDL-cc6c7f3a04fa,True,논리 버전 하나로 연결하고 출처 발생 경로 보존,sources/raw/guidelines/sources/university_guidelines/archive/GUIDE-B0BED12911DA/versions/2024-05-13_1069606/full_text/국립한국교통대학교 산학협력단 부속기관 설치·운영 지침-548호 20240513.hwp
EXACT-bcc6dbfce0a1,GDL-3f0211121dee,exact_duplicate,GDL-3f0211121dee,True,논리 버전 하나로 연결하고 출처 발생 경로 보존,sources/raw/guidelines/sources/university_guidelines/current/한국교통대학교 시뮬레이션센터/GUIDE-7A7D95FFB734_시뮬레이션센터 운영지침/한국교통대학교 시뮬레이션센터 운영지침(2019. 3. 6. 제190호).hwp
EXACT-bcc6dbfce0a1,GDL-3f0211121dee,exact_duplicate,GDL-3f0211121dee,True,논리 버전 하나로 연결하고 출처 발생 경로 보존,sources/raw/guidelines/sources/university_guidelines/archive/GUIDE-7A7D95FFB734/versions/2019-03-06_1023456/full_text/한국교통대학교 시뮬레이션센터 운영지침(2019. 3. 6. 제190호).hwp
EXACT-bcd620bb63a0,GDL-ce9aed29331a,exact_duplicate,GDL-ce9aed29331a,True,논리 버전 하나로 연결하고 출처 발생 경로 보존,sources/raw/guidelines/sources/university_guidelines/archive/GUIDE-3320B10D302B/versions/2020-10-26_1036729/amendment_reason/개정사유 및 신구조문대비표.hwp
EXACT-be57526dc046,GDL-a1a319d4b286,exact_duplicate,GDL-a1a319d4b286,True,논리 버전 하나로 연결하고 출처 발생 경로 보존,sources/raw/guidelines/sources/university_guidelines/archive/GUIDE-FB3F588A8AFC/versions/2023-12-21_1065674/full_text/국립한국교통대학교 산학협력상 지침(2023.12.21. 지침 제519호).hwp
EXACT-bed7e922f05f,GDL-d2e823d2b55e,exact_duplicate,GDL-d2e823d2b55e,True,논리 버전 하나로 연결하고 출처 발생 경로 보존,sources/raw/guidelines/sources/university_guidelines/current/취업창업지원과/GUIDE-8E778D8BDEF5_취업 및 창업 기획운영위원회 지침/취업 및 창업 기획운영위원회 지침.hwp
EXACT-bed7e922f05f,GDL-d2e823d2b55e,exact_duplicate,GDL-d2e823d2b55e,True,논리 버전 하나로 연결하고 출처 발생 경로 보존,sources/raw/guidelines/sources/university_guidelines/archive/GUIDE-8E778D8BDEF5/versions/2015-04-22_5085/full_text/취업 및 창업 기획운영위원회 지침.hwp
EXACT-bf1c4e7e3649,GDL-35ed6d52426d,exact_duplicate,GDL-35ed6d52426d,True,논리 버전 하나로 연결하고 출처 발생 경로 보존,sources/raw/guidelines/sources/university_guidelines/current/산학협력단/GUIDE-CF22A6F4FF24_산학협력전담교수 제도 운영지침/11산학협력전담교수운영지침.hwp
EXACT-bf1c4e7e3649,GDL-35ed6d52426d,exact_duplicate,GDL-35ed6d52426d,True,논리 버전 하나로 연결하고 출처 발생 경로 보존,sources/raw/guidelines/sources/university_guidelines/archive/GUIDE-CF22A6F4FF24/versions/2015-04-20_5071/full_text/11산학협력전담교수운영지침.hwp
EXACT-bf65fec5ca22,GDL-a76276d64697,exact_duplicate,GDL-a76276d64697,True,논리 버전 하나로 연결하고 출처 발생 경로 보존,sources/raw/guidelines/sources/university_guidelines/current/기획과/GUIDE-550A86537B2F_교육환류개선위원회 운영지침/한국교통대학교 교육환류개선위원회 운영지침(제327호).hwp
EXACT-bf65fec5ca22,GDL-a76276d64697,exact_duplicate,GDL-a76276d64697,True,논리 버전 하나로 연결하고 출처 발생 경로 보존,sources/raw/guidelines/sources/university_guidelines/archive/GUIDE-550A86537B2F/versions/2021-01-08_1038783/full_text/한국교통대학교 교육환류개선위원회 운영지침(제327호).hwp
EXACT-bfe4af571c18,GDL-67edc98cf79e,exact_duplicate,GDL-67edc98cf79e,True,논리 버전 하나로 연결하고 출처 발생 경로 보존,"sources/raw/guidelines/sources/university_guidelines/current/산학협력단/GUIDE-96A0E0DB0E23_산학협력단 학생연구자 지원 지침 ,/한국교통대학교산학협력단 학생연구자 지원 지침(제472호 2023-02-23).hwp"
EXACT-bfe4af571c18,GDL-67edc98cf79e,exact_duplicate,GDL-67edc98cf79e,True,논리 버전 하나로 연결하고 출처 발생 경로 보존,sources/raw/guidelines/sources/university_guidelines/archive/GUIDE-96A0E0DB0E23/versions/2023-02-23_1059452/full_text/한국교통대학교산학협력단 학생연구자 지원 지침(제472호 2023-02-23).hwp
EXACT-c0934b1425fd,GDL-4af86acb2c89,exact_duplicate,GDL-4af86acb2c89,True,논리 버전 하나로 연결하고 출처 발생 경로 보존,sources/raw/guidelines/sources/university_guidelines/archive/GUIDE-3386A0FF26C9/versions/2015-04-21_5076/full_text/고시원 운영지침.hwp
EXACT-c0b77c6c94a8,GDL-9c9e3914231c,exact_duplicate,GDL-9c9e3914231c,True,논리 버전 하나로 연결하고 출처 발생 경로 보존,sources/raw/guidelines/sources/university_guidelines/archive/GUIDE-DC9C3ACD4CAC/versions/2019-03-18_1023710/full_text/증평생활관 직원관리 지침(2019. 3. 18. 제195호).hwp
EXACT-c0f44916b5ee,GDL-a618fe71808a,exact_duplicate,GDL-a618fe71808a,True,논리 버전 하나로 연결하고 출처 발생 경로 보존,sources/raw/guidelines/sources/university_guidelines/archive/GUIDE-C1B0F4B80772/versions/2018-09-10_1019151/full_text/학생부종합전형 공정성 확보시스템 운영 지침(2018.9.10.지침 제176호).hwp
EXACT-c2d382020289,GDL-4a9ba9daf042,exact_duplicate,GDL-4a9ba9daf042,True,논리 버전 하나로 연결하고 출처 발생 경로 보존,sources/raw/guidelines/sources/university_guidelines/current/교무과/GUIDE-55FFCF0ACAE6_전임교원 신규채용 전형지침 20171018/전임교원 신규채용 전형지침_20171018_지침제135호.hwp
EXACT-c2d382020289,GDL-4a9ba9daf042,exact_duplicate,GDL-4a9ba9daf042,True,논리 버전 하나로 연결하고 출처 발생 경로 보존,sources/raw/guidelines/sources/university_guidelines/archive/GUIDE-55FFCF0ACAE6/versions/2017-10-23_1011646/full_text/전임교원 신규채용 전형지침_20171018_지침제135호.hwp
EXACT-c334b9ec6c81,GDL-b2e69b89f754,exact_duplicate,GDL-b2e69b89f754,True,논리 버전 하나로 연결하고 출처 발생 경로 보존,sources/raw/guidelines/sources/university_guidelines/current/학사관리과/GUIDE-85D7B765E265_전임교원 강의책임시간 감면 지침/국립한국교통대학교 전임교원 강의책임시간 감면 지침.hwp
EXACT-c334b9ec6c81,GDL-b2e69b89f754,exact_duplicate,GDL-b2e69b89f754,True,논리 버전 하나로 연결하고 출처 발생 경로 보존,sources/raw/guidelines/sources/university_guidelines/archive/GUIDE-85D7B765E265/versions/2026-02-19_1086501/full_text/국립한국교통대학교 전임교원 강의책임시간 감면 지침.hwp
EXACT-c33df4f812d7,GDL-55ec12c3354d,exact_duplicate,GDL-55ec12c3354d,True,논리 버전 하나로 연결하고 출처 발생 경로 보존,sources/raw/guidelines/sources/university_guidelines/current/총무과/GUIDE-83E3D40CA710_대학회계직원 인사운영 지침/한국교통대학교 대학회계직원 인사운영 지침(2021.11.8. 지침 제356호).hwp
EXACT-c33df4f812d7,GDL-55ec12c3354d,exact_duplicate,GDL-55ec12c3354d,True,논리 버전 하나로 연결하고 출처 발생 경로 보존,sources/raw/guidelines/sources/university_guidelines/archive/GUIDE-83E3D40CA710/versions/2021-11-08_1046987/full_text/한국교통대학교 대학회계직원 인사운영 지침(2021.11.8. 지침 제356호).hwp
EXACT-c377d0668fcc,GDL-f2f8b1295412,exact_duplicate,GDL-f2f8b1295412,True,논리 버전 하나로 연결하고 출처 발생 경로 보존,sources/raw/guidelines/sources/university_guidelines/archive/GUIDE-D2124BB316B4/versions/2025-12-03_1084397/full_text/국립한국교통대학교 학생자치기구 선거 시행세칙 전문(2025.12.03.개정안).hwp
EXACT-c433b85fbc2b,GDL-b3d82c3998b5,exact_duplicate,GDL-b3d82c3998b5,True,논리 버전 하나로 연결하고 출처 발생 경로 보존,sources/raw/guidelines/sources/university_guidelines/current/LINC+사업단/GUIDE-FD4C6766D92B_지역상생협력단 지역협업센터 운영지침 지침/한국교통대학교 지역상생협력단 지역협업센터 운영지침 개정지침.hwp
EXACT-c433b85fbc2b,GDL-b3d82c3998b5,exact_duplicate,GDL-b3d82c3998b5,True,논리 버전 하나로 연결하고 출처 발생 경로 보존,sources/raw/guidelines/sources/university_guidelines/archive/GUIDE-FD4C6766D92B/versions/2020-05-21_1032846/full_text/한국교통대학교 지역상생협력단 지역협업센터 운영지침 개정지침.hwp
EXACT-c517b5b2f697,GDL-36de8d8a240a,exact_duplicate,GDL-36de8d8a240a,True,논리 버전 하나로 연결하고 출처 발생 경로 보존,sources/raw/guidelines/sources/university_guidelines/current/취업성공지원과/GUIDE-7C196CD6A8F9_진로상담 및 취·창업 비교과 프로그램 운영 지침/한국교통대학교 진로상담 및 취창업 비교과 프로그램 운영 지침(2020.11.20. 지침 제312호).hwp
EXACT-c517b5b2f697,GDL-36de8d8a240a,exact_duplicate,GDL-36de8d8a240a,True,논리 버전 하나로 연결하고 출처 발생 경로 보존,sources/raw/guidelines/sources/university_guidelines/archive/GUIDE-7C196CD6A8F9/versions/2020-11-20_1037330/full_text/한국교통대학교 진로상담 및 취창업 비교과 프로그램 운영 지침(2020.11.20. 지침 제312호).hwp
EXACT-c5e7355a0f58,GDL-76f518bf968e,exact_duplicate,GDL-76f518bf968e,True,논리 버전 하나로 연결하고 출처 발생 경로 보존,sources/raw/guidelines/sources/university_guidelines/archive/GUIDE-EA0B8DDCBABE/versions/2021-03-05_1041735/full_text/홈페이지 운영 지침(제347호).hwp
EXACT-c6250684deea,GDL-c1e3e6bf93e7,exact_duplicate,GDL-c1e3e6bf93e7,True,논리 버전 하나로 연결하고 출처 발생 경로 보존,sources/raw/guidelines/sources/university_guidelines/current/기획과/GUIDE-30EEC2F96F6A_대학혁신지원사업 관리운영지침/한국교통대학교 대학혁신지원사업 관리운영 지침(2019. 12. 31.).hwp
EXACT-c6250684deea,GDL-c1e3e6bf93e7,exact_duplicate,GDL-c1e3e6bf93e7,True,논리 버전 하나로 연결하고 출처 발생 경로 보존,sources/raw/guidelines/sources/university_guidelines/archive/GUIDE-30EEC2F96F6A/versions/2019-12-31_1029430/full_text/한국교통대학교 대학혁신지원사업 관리운영 지침(2019. 12. 31.).hwp
EXACT-c64dc25ee060,GDL-4c0ae30f1586,exact_duplicate,GDL-4c0ae30f1586,True,논리 버전 하나로 연결하고 출처 발생 경로 보존,sources/raw/guidelines/sources/university_guidelines/archive/GUIDE-5EFABBDC17E5/versions/2021-12-01_1047337/full_text/한국교통대학교 대학의 평생교육체제 지원 사업 운영 지침(공포용).hwp
EXACT-c6b4a9ecf916,GDL-042b39658af0,exact_duplicate,GDL-042b39658af0,True,논리 버전 하나로 연결하고 출처 발생 경로 보존,sources/raw/guidelines/sources/university_guidelines/current/재무과/GUIDE-A043D78F4437_금고지정심의위원회 운영 지침/한국교통대학교 금고지정심의위원회 운영 지침(2021.06.01. 지침 제365호).hwp
EXACT-c6b4a9ecf916,GDL-042b39658af0,exact_duplicate,GDL-042b39658af0,True,논리 버전 하나로 연결하고 출처 발생 경로 보존,sources/raw/guidelines/sources/university_guidelines/archive/GUIDE-A043D78F4437/versions/2021-06-01_1042684/full_text/한국교통대학교 금고지정심의위원회 운영 지침(2021.06.01. 지침 제365호).hwp
EXACT-c7cad90a82bd,GDL-b2e69b89f754,exact_duplicate,GDL-b2e69b89f754,True,논리 버전 하나로 연결하고 출처 발생 경로 보존,sources/raw/guidelines/sources/university_guidelines/archive/GUIDE-489D1123DCFE/versions/2020-03-04_1031317/other/한국교통대학교 전임교원 강의 책임시간 감면 지침 일부개정(지침 제252호).hwp
EXACT-c83809b31c2a,GDL-ac0f14063c5a,exact_duplicate,GDL-ac0f14063c5a,True,논리 버전 하나로 연결하고 출처 발생 경로 보존,sources/raw/guidelines/sources/university_guidelines/archive/GUIDE-AEA00C225CDC/versions/2025-03-25_1078220/other/국립한국교통대학교 전임교원 신규채용 전형지침(제599호 2025.03.25. 일부개정).hwp
EXACT-c86a02c06548,GDL-d60ad353cfa5,exact_duplicate,GDL-d60ad353cfa5,True,논리 버전 하나로 연결하고 출처 발생 경로 보존,sources/raw/guidelines/sources/university_guidelines/current/학사관리과/GUIDE-2AA4B222EF6F_자유전공학부 학과배정 지침/한국교통대학교 자유전공학부 학과배정 지침.hwp
EXACT-c86a02c06548,GDL-d60ad353cfa5,exact_duplicate,GDL-d60ad353cfa5,True,논리 버전 하나로 연결하고 출처 발생 경로 보존,sources/raw/guidelines/sources/university_guidelines/archive/GUIDE-2AA4B222EF6F/versions/2016-05-23_5111/full_text/한국교통대학교 자유전공학부 학과배정 지침.hwp
EXACT-c898983e9caf,GDL-dfe55f634cfc,exact_duplicate,GDL-dfe55f634cfc,True,논리 버전 하나로 연결하고 출처 발생 경로 보존,sources/raw/guidelines/sources/university_guidelines/archive/GUIDE-AB2969DC6914/versions/2021-06-30_1043394/full_text/02_한국교통대학교 전임교원 신규채용 전형지침 일부개정 전문안.hwp
EXACT-c908b007f9e9,GDL-f1200c3fbd2b,exact_duplicate,GDL-f1200c3fbd2b,True,논리 버전 하나로 연결하고 출처 발생 경로 보존,sources/raw/guidelines/sources/university_guidelines/current/학사관리과/GUIDE-9653A4FEC151_강의윤리 강령/한국교통대학교 강의윤리 강령.hwp
EXACT-c908b007f9e9,GDL-f1200c3fbd2b,exact_duplicate,GDL-f1200c3fbd2b,True,논리 버전 하나로 연결하고 출처 발생 경로 보존,sources/raw/guidelines/sources/university_guidelines/archive/GUIDE-9653A4FEC151/versions/2017-12-04_1012573/other/한국교통대학교 강의윤리 강령.hwp
EXACT-ca255d0d9dc4,GDL-309d9ab0dc5a,exact_duplicate,GDL-309d9ab0dc5a,True,논리 버전 하나로 연결하고 출처 발생 경로 보존,sources/raw/guidelines/sources/university_guidelines/current/학사관리과/GUIDE-1EF3540A9325_졸업자격인증제 운영지침/한국교통대학교 졸업자격인증제 운영 지침 제정(안).hwp
EXACT-ca255d0d9dc4,GDL-309d9ab0dc5a,exact_duplicate,GDL-309d9ab0dc5a,True,논리 버전 하나로 연결하고 출처 발생 경로 보존,sources/raw/guidelines/sources/university_guidelines/archive/GUIDE-1EF3540A9325/versions/2019-03-01_1023380/full_text/한국교통대학교 졸업자격인증제 운영 지침 제정(안).hwp
EXACT-ca2cb647bb21,GDL-4cca76bcc4ce,exact_duplicate,GDL-4cca76bcc4ce,True,논리 버전 하나로 연결하고 출처 발생 경로 보존,sources/raw/guidelines/sources/university_guidelines/archive/GUIDE-A6F09F22A73A/versions/2026-04-24_1121700/other/국립한국교통대학교 교육공무원 복무처리 요령(지침) 일부개정.hwp
EXACT-caacfb47c160,GDL-acbe22e527ed,exact_duplicate,GDL-acbe22e527ed,True,논리 버전 하나로 연결하고 출처 발생 경로 보존,sources/raw/guidelines/sources/university_guidelines/current/공학교육혁신센터/GUIDE-803DFBEB670F_IDF 운영지침/한국교통대학교 IDF 운영지침(2020.11.10. 지침 제311호).hwp
EXACT-caacfb47c160,GDL-acbe22e527ed,exact_duplicate,GDL-acbe22e527ed,True,논리 버전 하나로 연결하고 출처 발생 경로 보존,sources/raw/guidelines/sources/university_guidelines/archive/GUIDE-803DFBEB670F/versions/2020-11-10_1037091/full_text/한국교통대학교 IDF 운영지침(2020.11.10. 지침 제311호).hwp
EXACT-cc083bfd6fab,GDL-f2f8b1295412,exact_duplicate,GDL-f2f8b1295412,True,논리 버전 하나로 연결하고 출처 발생 경로 보존,sources/raw/guidelines/sources/university_guidelines/archive/GUIDE-D2124BB316B4/versions/2023-10-05_1064327/other/한국교통대학교 학생자치기구 선거 시행세칙(2023.10.05.).hwp
EXACT-cc0acaba82f8,GDL-42080ca089c9,exact_duplicate,GDL-42080ca089c9,True,논리 버전 하나로 연결하고 출처 발생 경로 보존,sources/raw/guidelines/sources/university_guidelines/current/취업성공지원과/GUIDE-285766F72DAA_K+상담이음 통합위원회 구성 및 운영지침/한국교통대학교 K+상담이음 통합위원회 구성 및 운영지침(2020.10.16. 지침 제301호).hwp
EXACT-cc0acaba82f8,GDL-42080ca089c9,exact_duplicate,GDL-42080ca089c9,True,논리 버전 하나로 연결하고 출처 발생 경로 보존,sources/raw/guidelines/sources/university_guidelines/archive/GUIDE-285766F72DAA/versions/2020-10-16_1036462/full_text/한국교통대학교 K+상담이음 통합위원회 구성 및 운영지침(2020.10.16. 지침 제301호).hwp
EXACT-cc50491b6a63,GDL-1e3ec4dce1d8,exact_duplicate,GDL-1e3ec4dce1d8,True,논리 버전 하나로 연결하고 출처 발생 경로 보존,sources/raw/guidelines/sources/university_guidelines/current/교무과/GUIDE-BA83F356BE63_방문교수 인사에 관한 지침/한국교통대학교 방문교수 인사에 관한 지침(2021.5.27. 지침 363호).hwp
EXACT-cc50491b6a63,GDL-1e3ec4dce1d8,exact_duplicate,GDL-1e3ec4dce1d8,True,논리 버전 하나로 연결하고 출처 발생 경로 보존,sources/raw/guidelines/sources/university_guidelines/archive/GUIDE-BA83F356BE63/versions/2021-05-27_1042628/full_text/한국교통대학교 방문교수 인사에 관한 지침(2021.5.27. 지침 363호).hwp
EXACT-cc84f476a470,GDL-611a05214ba4,exact_duplicate,GDL-611a05214ba4,True,논리 버전 하나로 연결하고 출처 발생 경로 보존,sources/raw/guidelines/sources/university_guidelines/current/산학협력단/GUIDE-A6D69271E7FE_교내 학술연구과제 관리지침/7-교내학술연구과제관리지침.hwp
EXACT-cc84f476a470,GDL-611a05214ba4,exact_duplicate,GDL-611a05214ba4,True,논리 버전 하나로 연결하고 출처 발생 경로 보존,sources/raw/guidelines/sources/university_guidelines/archive/GUIDE-A6D69271E7FE/versions/2015-04-20_5067/full_text/7-교내학술연구과제관리지침.hwp
EXACT-ccacaf663932,GDL-9a218b6ea0a4,exact_duplicate,GDL-9a218b6ea0a4,True,논리 버전 하나로 연결하고 출처 발생 경로 보존,sources/raw/guidelines/sources/university_guidelines/current/학사관리과/GUIDE-577D0F86902E_교양교욱과정 편성지침/한국교통대학교 교양교육과정 편성지침(2017.7.11).hwp
EXACT-ccacaf663932,GDL-9a218b6ea0a4,exact_duplicate,GDL-9a218b6ea0a4,True,논리 버전 하나로 연결하고 출처 발생 경로 보존,sources/raw/guidelines/sources/university_guidelines/archive/GUIDE-577D0F86902E/versions/2017-07-11_1009563/full_text/한국교통대학교 교양교육과정 편성지침(2017.7.11).hwp
EXACT-ccceabc2e347,GDL-ab80c302ea7b,exact_duplicate,GDL-ab80c302ea7b,True,논리 버전 하나로 연결하고 출처 발생 경로 보존,sources/raw/guidelines/sources/university_guidelines/archive/GUIDE-1C292ECD8FC6/versions/2020-03-04_1036851/other/관생생활수칙(2020.03.04.개정).hwp
EXACT-cd08ba92bc13,GDL-3343e8906ba3,exact_duplicate,GDL-3343e8906ba3,True,논리 버전 하나로 연결하고 출처 발생 경로 보존,sources/raw/guidelines/sources/university_guidelines/archive/GUIDE-4E8DAA2141E2/versions/2020-01-06_1029489/amendment_reason/개정사유 및 신구조문대비표.hwp
EXACT-cdab01200e00,GDL-b2e69b89f754,exact_duplicate,GDL-b2e69b89f754,True,논리 버전 하나로 연결하고 출처 발생 경로 보존,sources/raw/guidelines/sources/university_guidelines/current/학사관리과/GUIDE-FA10ADCB6940_전임교원 강의책임시간 감면 지침 2023.5.22/한국교통대학교 전임교원 강의책임시간 감면 지침 일부개정(개정2023.5.22.지침제486호).hwp
EXACT-cdab01200e00,GDL-b2e69b89f754,exact_duplicate,GDL-b2e69b89f754,True,논리 버전 하나로 연결하고 출처 발생 경로 보존,sources/raw/guidelines/sources/university_guidelines/archive/GUIDE-FA10ADCB6940/versions/2023-05-22_1061012/other/한국교통대학교 전임교원 강의책임시간 감면 지침 일부개정(개정2023.5.22.지침제486호).hwp
EXACT-ce0012b15a99,GDL-343e3affdf72,exact_duplicate,GDL-343e3affdf72,True,논리 버전 하나로 연결하고 출처 발생 경로 보존,sources/raw/guidelines/sources/university_guidelines/archive/GUIDE-7E539D053E6C/versions/2020-03-04_1031353/amendment_reason/개정사유 및 신구조문대비표.hwp
EXACT-ce43febe7989,GDL-ddc85ecec626,exact_duplicate,GDL-ddc85ecec626,True,논리 버전 하나로 연결하고 출처 발생 경로 보존,sources/raw/guidelines/sources/university_guidelines/current/교무과/GUIDE-89ED9E4979D2_전임교원 사외이사 등 겸직허가에 관한 지침/전임교원 사외이사등 겸직에 관한 지침(20160405).hwp
EXACT-ce43febe7989,GDL-ddc85ecec626,exact_duplicate,GDL-ddc85ecec626,True,논리 버전 하나로 연결하고 출처 발생 경로 보존,sources/raw/guidelines/sources/university_guidelines/archive/GUIDE-89ED9E4979D2/versions/2016-04-11_5107/full_text/전임교원 사외이사등 겸직에 관한 지침(20160405).hwp
EXACT-ce4977239a04,GDL-309d9ab0dc5a,exact_duplicate,GDL-309d9ab0dc5a,True,논리 버전 하나로 연결하고 출처 발생 경로 보존,sources/raw/guidelines/sources/university_guidelines/archive/GUIDE-A12FD1E1307D/versions/2021-08-30_1044739/full_text/한국교통대학교 졸업자격인증제 운영 지침.hwp
EXACT-ce67becaf442,GDL-8996d767d6e8,exact_duplicate,GDL-8996d767d6e8,True,논리 버전 하나로 연결하고 출처 발생 경로 보존,sources/raw/guidelines/sources/university_guidelines/archive/GUIDE-A171780FE5F6/versions/2023-01-05_1058045/comparison_table/개정 이유 및 신구조문 대비표.hwp
EXACT-ce9a3f9587a3,GDL-342bcc06da83,exact_duplicate,GDL-342bcc06da83,True,논리 버전 하나로 연결하고 출처 발생 경로 보존,sources/raw/guidelines/sources/university_guidelines/archive/GUIDE-26A2F2B07222/versions/2023-05-02_1060559/amendment_reason/개정사유 및 신구조문 대비표(융합교육위원회 구성 및 운영지침).hwp
EXACT-cf86fe43dc07,GDL-f1e82879310c,exact_duplicate,GDL-f1e82879310c,True,논리 버전 하나로 연결하고 출처 발생 경로 보존,sources/raw/guidelines/sources/university_guidelines/current/입학홍보과/GUIDE-D9656ACAF691_입학전담 지도교수 운영지침/한국교통대학교 입학전담 지도교수 운영지침(2021.6.8.지침제373호).hwp
EXACT-cf86fe43dc07,GDL-f1e82879310c,exact_duplicate,GDL-f1e82879310c,True,논리 버전 하나로 연결하고 출처 발생 경로 보존,sources/raw/guidelines/sources/university_guidelines/archive/GUIDE-D9656ACAF691/versions/2021-06-08_1042917/full_text/한국교통대학교 입학전담 지도교수 운영지침(2021.6.8.지침제373호).hwp
EXACT-cf91f5c6f53f,GDL-1cb62403f911,exact_duplicate,GDL-1cb62403f911,True,논리 버전 하나로 연결하고 출처 발생 경로 보존,sources/raw/guidelines/sources/university_guidelines/current/총무과/GUIDE-40B3417856BD_공무원 인사 지침/한국교통대학교 공무원 인사 지침(2021.3.18.공포 지침 제350호).hwp
EXACT-cf91f5c6f53f,GDL-1cb62403f911,exact_duplicate,GDL-1cb62403f911,True,논리 버전 하나로 연결하고 출처 발생 경로 보존,sources/raw/guidelines/sources/university_guidelines/archive/GUIDE-40B3417856BD/versions/2021-03-18_1041036/full_text/한국교통대학교 공무원 인사 지침(2021.3.18.공포 지침 제350호).hwp
EXACT-cfbf2ed7489b,GDL-67f31fdb7fc8,exact_duplicate,GDL-67f31fdb7fc8,True,논리 버전 하나로 연결하고 출처 발생 경로 보존,sources/raw/guidelines/sources/university_guidelines/archive/GUIDE-9419508E3700/versions/2025-12-30_1085136/full_text/국립한국교통대학교 학과평가 지침(2025.12.30. 지침 제640호).hwp
EXACT-cfe366344528,GDL-c198d9eac77e,exact_duplicate,GDL-c198d9eac77e,True,논리 버전 하나로 연결하고 출처 발생 경로 보존,sources/raw/guidelines/sources/university_guidelines/current/교원인사팀/GUIDE-097A177D3EF0_강사 인사 등에 관한 지침/한국교통대학교 강사 인사 등에 관한 지침.hwp
EXACT-cfe366344528,GDL-c198d9eac77e,exact_duplicate,GDL-c198d9eac77e,True,논리 버전 하나로 연결하고 출처 발생 경로 보존,sources/raw/guidelines/sources/university_guidelines/archive/GUIDE-097A177D3EF0/versions/2019-11-12_1029526/full_text/한국교통대학교 강사 인사 등에 관한 지침.hwp
EXACT-d06c2c442eb5,GDL-96a85ddf265c,exact_duplicate,GDL-96a85ddf265c,True,논리 버전 하나로 연결하고 출처 발생 경로 보존,"sources/raw/guidelines/sources/university_guidelines/current/기획과/GUIDE-A4523980D39C_경영성과관리시스템 운영 지침 ,/한국교통대학교 경영성과관리시스템 운영 지침(제390호 2021.9.13.).hwp"
EXACT-d06c2c442eb5,GDL-96a85ddf265c,exact_duplicate,GDL-96a85ddf265c,True,논리 버전 하나로 연결하고 출처 발생 경로 보존,sources/raw/guidelines/sources/university_guidelines/archive/GUIDE-A4523980D39C/versions/2021-09-13_1045194/full_text/한국교통대학교 경영성과관리시스템 운영 지침(제390호 2021.9.13.).hwp
EXACT-d0cc64b2778d,GDL-f0513d11780b,exact_duplicate,GDL-f0513d11780b,True,논리 버전 하나로 연결하고 출처 발생 경로 보존,"sources/raw/guidelines/sources/university_guidelines/current/기획과/GUIDE-E8A287F0A3F8_부서평가 지침 ,/2. 국립한국교통대학교 부서평가 지침 개정(안)-최종최종.hwp"
EXACT-d0cc64b2778d,GDL-f0513d11780b,exact_duplicate,GDL-f0513d11780b,True,논리 버전 하나로 연결하고 출처 발생 경로 보존,sources/raw/guidelines/sources/university_guidelines/archive/GUIDE-E8A287F0A3F8/versions/2023-12-15_1065928/full_text/2. 국립한국교통대학교 부서평가 지침 개정(안)-최종최종.hwp
EXACT-d0dc6f7fcd69,GDL-d795ba5c8eb7,exact_duplicate,GDL-d795ba5c8eb7,True,논리 버전 하나로 연결하고 출처 발생 경로 보존,sources/raw/guidelines/sources/university_guidelines/archive/GUIDE-0569F1E586C1/versions/2025-10-16_1083340/full_text/국립한국교통대학교 행정조직 팀제 운영지침.hwp
EXACT-d0e390079431,GDL-b2e69b89f754,exact_duplicate,GDL-b2e69b89f754,True,논리 버전 하나로 연결하고 출처 발생 경로 보존,sources/raw/guidelines/sources/university_guidelines/archive/GUIDE-85D7B765E265/versions/2018-01-02_1013208/full_text/전임교원 강의책임시간 감면지침.hwp
EXACT-d1143e4d6b27,GDL-76f518bf968e,exact_duplicate,GDL-76f518bf968e,True,논리 버전 하나로 연결하고 출처 발생 경로 보존,sources/raw/guidelines/sources/university_guidelines/archive/GUIDE-EA0B8DDCBABE/versions/2019-04-30_1024339/full_text/홈페이지 운영 지침(2019.04.30.제202호).hwp
EXACT-d1a8b81fb5d5,GDL-e8080ad9f796,exact_duplicate,GDL-e8080ad9f796,True,논리 버전 하나로 연결하고 출처 발생 경로 보존,sources/raw/guidelines/sources/university_guidelines/current/기초교육원/GUIDE-F0E8346F4F55_교양 책임교수 위원회 운영 지침/교양 책임교수 위원회 운영 지침(지침 162호).hwp
EXACT-d1a8b81fb5d5,GDL-e8080ad9f796,exact_duplicate,GDL-e8080ad9f796,True,논리 버전 하나로 연결하고 출처 발생 경로 보존,sources/raw/guidelines/sources/university_guidelines/archive/GUIDE-F0E8346F4F55/versions/2018-09-18_1019341/full_text/교양 책임교수 위원회 운영 지침(지침 162호).hwp
EXACT-d1df7d262675,GDL-ac0f14063c5a,exact_duplicate,GDL-ac0f14063c5a,True,논리 버전 하나로 연결하고 출처 발생 경로 보존,sources/raw/guidelines/sources/university_guidelines/archive/GUIDE-AEA00C225CDC/versions/2022-11-29_1057064/full_text/한국교통대학교 전임교원 신규채용 전형지침.hwp
EXACT-d2428e36f014,GDL-82328b832366,exact_duplicate,GDL-82328b832366,True,논리 버전 하나로 연결하고 출처 발생 경로 보존,sources/raw/guidelines/sources/university_guidelines/current/총무과/GUIDE-B5BD35B12050_개인정보처리시스템 접근권한 관리 지침/한국교통대학교 개인정보처리시스템 접근권한 관리지침(제294호).hwp
EXACT-d2428e36f014,GDL-82328b832366,exact_duplicate,GDL-82328b832366,True,논리 버전 하나로 연결하고 출처 발생 경로 보존,sources/raw/guidelines/sources/university_guidelines/archive/GUIDE-B5BD35B12050/versions/2020-09-04_1035345/full_text/한국교통대학교 개인정보처리시스템 접근권한 관리지침(제294호).hwp
EXACT-d2563a08b4eb,GDL-d3277ff19980,exact_duplicate,GDL-d3277ff19980,True,논리 버전 하나로 연결하고 출처 발생 경로 보존,sources/raw/guidelines/sources/university_guidelines/archive/GUIDE-013DFECC88F6/versions/2021-08-09_1044197/amendment_reason/개정사유 및 신구조문대비표.hwp
EXACT-d3f008ae1c89,GDL-cc6c7f3a04fa,exact_duplicate,GDL-cc6c7f3a04fa,True,논리 버전 하나로 연결하고 출처 발생 경로 보존,sources/raw/guidelines/sources/university_guidelines/archive/GUIDE-955E50C41ABD/versions/2022-10-05_1055366/full_text/한국교통대학교 산학협력단 부속기관 설치·운영 지침(2022.10.05. 지침 제449호).hwp
EXACT-d442335b0143,GDL-d3277ff19980,exact_duplicate,GDL-d3277ff19980,True,논리 버전 하나로 연결하고 출처 발생 경로 보존,sources/raw/guidelines/sources/university_guidelines/archive/GUIDE-013DFECC88F6/versions/2023-10-02_1064042/other/한국교통대학교 교육과정 편성지침 일부개정(2023.10.2. 제503호).hwp
EXACT-d45c437f519c,GDL-db3cc9c6f240,exact_duplicate,GDL-db3cc9c6f240,True,논리 버전 하나로 연결하고 출처 발생 경로 보존,sources/raw/guidelines/sources/university_guidelines/current/입학홍보과/GUIDE-1DD2A9DFBB31_선행학습영향평가 위원회 지침/(제281호 공포문)선행학습영향평가 위원회 지침.hwp
EXACT-d45c437f519c,GDL-db3cc9c6f240,exact_duplicate,GDL-db3cc9c6f240,True,논리 버전 하나로 연결하고 출처 발생 경로 보존,sources/raw/guidelines/sources/university_guidelines/archive/GUIDE-1DD2A9DFBB31/versions/2020-08-03_1034482/full_text/(제281호 공포문)선행학습영향평가 위원회 지침.hwp
EXACT-d462a50f3fe9,GDL-ddc85ecec626,exact_duplicate,GDL-ddc85ecec626,True,논리 버전 하나로 연결하고 출처 발생 경로 보존,sources/raw/guidelines/sources/university_guidelines/archive/GUIDE-89ED9E4979D2/versions/2017-11-20_1012207/full_text/붙임4_공포문_전임교원 사외이사 등 겸직허가에 관한 지침 폐지안.hwp
EXACT-d4ed694bd370,GDL-fb866888334d,exact_duplicate,GDL-fb866888334d,True,논리 버전 하나로 연결하고 출처 발생 경로 보존,sources/raw/guidelines/sources/university_guidelines/archive/GUIDE-44E52876592F/versions/2021-12-21_1048189/full_text/교육연구학생지도 비용 지급에 관한 지침(2021.12.21.).hwp
EXACT-d5cefd5444c2,GDL-8e644de735a6,exact_duplicate,GDL-8e644de735a6,True,논리 버전 하나로 연결하고 출처 발생 경로 보존,sources/raw/guidelines/sources/university_guidelines/archive/GUIDE-1DD2A9DFBB31/versions/2015-04-21_5081/full_text/선행학습영향평가 위원회 지침.hwp
EXACT-d5e70528c040,GDL-f0513d11780b,exact_duplicate,GDL-f0513d11780b,True,논리 버전 하나로 연결하고 출처 발생 경로 보존,sources/raw/guidelines/sources/university_guidelines/archive/GUIDE-DB05065263B2/versions/2020-12-02_1037643/full_text/[붙임1] 한국교통대학교 부서평가 지침_20201202.hwp
EXACT-d60a7f5619ef,GDL-d795ba5c8eb7,exact_duplicate,GDL-d795ba5c8eb7,True,논리 버전 하나로 연결하고 출처 발생 경로 보존,sources/raw/guidelines/sources/university_guidelines/archive/GUIDE-0569F1E586C1/versions/2025-04-09_1078585/other/국립한국교통대학교 행정조직 팀제 운영지침 일부개정.hwp
EXACT-d64e42ca3510,GDL-90f9dfe2a532,exact_duplicate,GDL-90f9dfe2a532,True,논리 버전 하나로 연결하고 출처 발생 경로 보존,sources/raw/guidelines/sources/university_guidelines/current/산학협력단/GUIDE-FDA61F112749_연구소 설립·운영에 관한 지침/한국교통대학교 연구소 설립운영에 관한 지침(2019.8.14).hwp
EXACT-d64e42ca3510,GDL-90f9dfe2a532,exact_duplicate,GDL-90f9dfe2a532,True,논리 버전 하나로 연결하고 출처 발생 경로 보존,sources/raw/guidelines/sources/university_guidelines/archive/GUIDE-FDA61F112749/versions/2019-08-14_1026920/full_text/한국교통대학교 연구소 설립운영에 관한 지침(2019.8.14).hwp
EXACT-d6936adfbee5,GDL-d24445499d21,exact_duplicate,GDL-d24445499d21,True,논리 버전 하나로 연결하고 출처 발생 경로 보존,sources/raw/guidelines/sources/university_guidelines/archive/GUIDE-85C016CB41CA/versions/2022-05-23_1051900/amendment_text/강의관리지침 일부개정안(2022.5.23.공포).hwp
EXACT-d6f5e5749e19,GDL-bf3d3f0fab14,exact_duplicate,GDL-bf3d3f0fab14,True,논리 버전 하나로 연결하고 출처 발생 경로 보존,sources/raw/guidelines/sources/university_guidelines/current/취업성공지원과/GUIDE-293F95913627_진로취업 지도교수제 운영지침/한국교통대학교 진로취업 지도교수제 운영 지침.hwp
EXACT-d6f5e5749e19,GDL-bf3d3f0fab14,exact_duplicate,GDL-bf3d3f0fab14,True,논리 버전 하나로 연결하고 출처 발생 경로 보존,sources/raw/guidelines/sources/university_guidelines/archive/GUIDE-293F95913627/versions/2019-10-01_1034607/full_text/한국교통대학교 진로취업 지도교수제 운영 지침.hwp
EXACT-d71ab91542a9,GDL-6dc05c000f58,exact_duplicate,GDL-6dc05c000f58,True,논리 버전 하나로 연결하고 출처 발생 경로 보존,sources/raw/guidelines/sources/university_guidelines/current/학사관리과/GUIDE-9F2F00CFA9B1_학생 지도교수제 운영지침/한국교통대학교 학생 지도교수제 운영지침(개정 2023.10.5. 지침 제502호).hwp
EXACT-d71ab91542a9,GDL-6dc05c000f58,exact_duplicate,GDL-6dc05c000f58,True,논리 버전 하나로 연결하고 출처 발생 경로 보존,sources/raw/guidelines/sources/university_guidelines/archive/GUIDE-9F2F00CFA9B1/versions/2023-10-05_1064041/full_text/한국교통대학교 학생 지도교수제 운영지침(개정 2023.10.5. 지침 제502호).hwp
EXACT-d73b067f4d06,GDL-862e96689ca9,exact_duplicate,GDL-862e96689ca9,True,논리 버전 하나로 연결하고 출처 발생 경로 보존,sources/raw/guidelines/sources/university_guidelines/current/학생과(학생상담센터)/GUIDE-86BFA1C36BDE_학생상담 프로그램 운영 지침/학생상담 프로그램 운영 지침.hwp
EXACT-d73b067f4d06,GDL-862e96689ca9,exact_duplicate,GDL-862e96689ca9,True,논리 버전 하나로 연결하고 출처 발생 경로 보존,sources/raw/guidelines/sources/university_guidelines/archive/GUIDE-86BFA1C36BDE/versions/2018-02-28_1015462/full_text/학생상담 프로그램 운영 지침.hwp
EXACT-d7a1dc6769f7,GDL-d24445499d21,exact_duplicate,GDL-d24445499d21,True,논리 버전 하나로 연결하고 출처 발생 경로 보존,sources/raw/guidelines/sources/university_guidelines/archive/GUIDE-85C016CB41CA/versions/2019-02-27_1023286/full_text/강의관리지침 일부 개정.hwp
EXACT-d8294d691e46,GDL-d3277ff19980,exact_duplicate,GDL-d3277ff19980,True,논리 버전 하나로 연결하고 출처 발생 경로 보존,sources/raw/guidelines/sources/university_guidelines/archive/GUIDE-013DFECC88F6/versions/2018-02-02_1014463/full_text/한국교통대학교 교육과정 편성지침.hwp
EXACT-d8609dd234cf,GDL-309d9ab0dc5a,exact_duplicate,GDL-309d9ab0dc5a,True,논리 버전 하나로 연결하고 출처 발생 경로 보존,sources/raw/guidelines/sources/university_guidelines/archive/GUIDE-A12FD1E1307D/versions/2021-11-12_1046909/amendment_reason/개정사유 및 신구조문대비표.hwp
EXACT-d8a9d45ee1df,GDL-293f1b726de1,exact_duplicate,GDL-293f1b726de1,True,논리 버전 하나로 연결하고 출처 발생 경로 보존,sources/raw/guidelines/sources/university_guidelines/archive/GUIDE-83E3D40CA710/versions/2021-01-21_1039406/full_text/한국교통대학교 대학회계직원 인사운영 지침(2021.1.21. 지침 제333호).hwp
EXACT-d8dc67425d0f,GDL-f010276ea218,exact_duplicate,GDL-f010276ea218,True,논리 버전 하나로 연결하고 출처 발생 경로 보존,sources/raw/guidelines/sources/university_guidelines/current/입학홍보과/GUIDE-B60C6C3981B0_학생부종합전형 공정성 확보시스템 운영지침/학생부종합전형 공정성 확보시스템 운영 지침(2021.9.10. 지침 제389호).hwp
EXACT-d8dc67425d0f,GDL-f010276ea218,exact_duplicate,GDL-f010276ea218,True,논리 버전 하나로 연결하고 출처 발생 경로 보존,sources/raw/guidelines/sources/university_guidelines/archive/GUIDE-B60C6C3981B0/versions/2021-09-10_1059599/full_text/학생부종합전형 공정성 확보시스템 운영 지침(2021.9.10. 지침 제389호).hwp
EXACT-d97d2751f486,GDL-b784a269717a,exact_duplicate,GDL-b784a269717a,True,논리 버전 하나로 연결하고 출처 발생 경로 보존,sources/raw/guidelines/sources/university_guidelines/archive/GUIDE-911CEE87686F/versions/2019-07-23_1026115/full_text/한국교통대학교 교직원 행동강령(지침210호2019.7.23).hwp
EXACT-da43ca751e85,GDL-def4cb27d978,exact_duplicate,GDL-def4cb27d978,True,논리 버전 하나로 연결하고 출처 발생 경로 보존,sources/raw/guidelines/sources/university_guidelines/archive/GUIDE-19AA0C0541F0/versions/2024-06-11_1071233/other/한국교통대학교 정책연구과제관리지침(일부개정).hwp
EXACT-da4f2a629ee2,GDL-b692d0b3eed2,exact_duplicate,GDL-b692d0b3eed2,True,논리 버전 하나로 연결하고 출처 발생 경로 보존,sources/raw/guidelines/sources/university_guidelines/current/기획과/GUIDE-4DDC0B636331_통합성과관리시스템 운영 지침/한국교통대학교 통합성과관리시스템 운영 지침(2020.7.3. 지침 제274호).hwp
EXACT-da4f2a629ee2,GDL-b692d0b3eed2,exact_duplicate,GDL-b692d0b3eed2,True,논리 버전 하나로 연결하고 출처 발생 경로 보존,sources/raw/guidelines/sources/university_guidelines/archive/GUIDE-4DDC0B636331/versions/2020-07-03_1033840/full_text/한국교통대학교 통합성과관리시스템 운영 지침(2020.7.3. 지침 제274호).hwp
EXACT-daa289d9ee3a,GDL-5dbe8ba19618,exact_duplicate,GDL-5dbe8ba19618,True,논리 버전 하나로 연결하고 출처 발생 경로 보존,sources/raw/guidelines/sources/university_guidelines/snapshots/smoke/current/학생과/GUIDE-962DB64BD98A_총학생회칙/개정사유(국립한국교통대학교 총학생회칙)_20260401.hwp
EXACT-daa289d9ee3a,GDL-5dbe8ba19618,exact_duplicate,GDL-5dbe8ba19618,True,논리 버전 하나로 연결하고 출처 발생 경로 보존,sources/raw/guidelines/sources/university_guidelines/snapshots/smoke/archive/GUIDE-962DB64BD98A/versions/2026-04-01_1121254/amendment_reason/개정사유(국립한국교통대학교 총학생회칙)_20260401.hwp
EXACT-daa289d9ee3a,GDL-5dbe8ba19618,exact_duplicate,GDL-5dbe8ba19618,True,논리 버전 하나로 연결하고 출처 발생 경로 보존,sources/raw/guidelines/sources/university_guidelines/snapshots/smoke/archive/GUIDE-962DB64BD98A/versions/2026-04-01_1121254/amendment_reason/개정사유(국립한국교통대학교 총학생회칙)_20260401_daa289d9.hwp
EXACT-daa289d9ee3a,GDL-5dbe8ba19618,exact_duplicate,GDL-5dbe8ba19618,True,논리 버전 하나로 연결하고 출처 발생 경로 보존,sources/raw/guidelines/sources/university_guidelines/raw/posts/1121254/attachments/개정사유(국립한국교통대학교 총학생회칙)_20260401.hwp
EXACT-daa289d9ee3a,GDL-5dbe8ba19618,exact_duplicate,GDL-5dbe8ba19618,True,논리 버전 하나로 연결하고 출처 발생 경로 보존,sources/raw/guidelines/sources/university_guidelines/archive/GUIDE-962DB64BD98A/versions/2026-04-01_1121254/amendment_reason/개정사유(국립한국교통대학교 총학생회칙)_20260401.hwp
EXACT-db4f8f34a6ba,GDL-cf3926e37a64,exact_duplicate,GDL-cf3926e37a64,True,논리 버전 하나로 연결하고 출처 발생 경로 보존,sources/raw/guidelines/sources/university_guidelines/current/장학팀/GUIDE-07E925F40B5D_장학금 관리지침 일부/한국교통대학교 장학금 관리지침(제211호_2019.8.1).hwp
EXACT-db4f8f34a6ba,GDL-cf3926e37a64,exact_duplicate,GDL-cf3926e37a64,True,논리 버전 하나로 연결하고 출처 발생 경로 보존,sources/raw/guidelines/sources/university_guidelines/archive/GUIDE-07E925F40B5D/versions/2019-08-01_1026294/full_text/한국교통대학교 장학금 관리지침(제211호_2019.8.1).hwp
EXACT-db8f29467be5,GDL-309d9ab0dc5a,exact_duplicate,GDL-309d9ab0dc5a,True,논리 버전 하나로 연결하고 출처 발생 경로 보존,sources/raw/guidelines/sources/university_guidelines/archive/GUIDE-A12FD1E1307D/versions/2021-11-12_1046909/full_text/한국교통대학교 졸업자격인증제 운영 지침.hwp
EXACT-dbcd169aef07,GDL-b2e69b89f754,exact_duplicate,GDL-b2e69b89f754,True,논리 버전 하나로 연결하고 출처 발생 경로 보존,sources/raw/guidelines/sources/university_guidelines/archive/GUIDE-D990C8F20260/versions/2023-09-07_1063189/other/한국교통대학교 전임교원 강의책임시간 감면 지침 일부개정(개정 2023.9.7.지침제498호).hwp
EXACT-dd343b90e28d,GDL-def4cb27d978,exact_duplicate,GDL-def4cb27d978,True,논리 버전 하나로 연결하고 출처 발생 경로 보존,sources/raw/guidelines/sources/university_guidelines/archive/GUIDE-19AA0C0541F0/versions/2021-09-02_1044832/comparison_table/한국교통대학교 정책연구과제 관리 지침 전부개정(안) 신구조문대비표.hwp
EXACT-dd3a5e23aae2,GDL-6100c4abd464,exact_duplicate,GDL-6100c4abd464,True,논리 버전 하나로 연결하고 출처 발생 경로 보존,sources/raw/guidelines/sources/university_guidelines/current/학사관리과/GUIDE-7318DEFB978E_2015학년도 교육과정 편성지침/2014-12-02-2015학년도 교육과정 편성지침.hwp
EXACT-dd3a5e23aae2,GDL-6100c4abd464,exact_duplicate,GDL-6100c4abd464,True,논리 버전 하나로 연결하고 출처 발생 경로 보존,sources/raw/guidelines/sources/university_guidelines/archive/GUIDE-7318DEFB978E/versions/2014-12-02_5084/full_text/2014-12-02-2015학년도 교육과정 편성지침.hwp
EXACT-dd4039c2ddb4,GDL-309d9ab0dc5a,exact_duplicate,GDL-309d9ab0dc5a,True,논리 버전 하나로 연결하고 출처 발생 경로 보존,sources/raw/guidelines/sources/university_guidelines/archive/GUIDE-A12FD1E1307D/versions/2019-07-11_1025903/full_text/졸업자격인증제 운영 지침.hwp
EXACT-dda59d0a9f87,GDL-4cca76bcc4ce,exact_duplicate,GDL-4cca76bcc4ce,True,논리 버전 하나로 연결하고 출처 발생 경로 보존,sources/raw/guidelines/sources/university_guidelines/archive/GUIDE-A6F09F22A73A/versions/2020-08-19_1034986/full_text/2. 한국교통대학교 교육공무원 복무처리 요령(지침)_전문.hwp
EXACT-dec8607798b7,GDL-b314b471d117,exact_duplicate,GDL-b314b471d117,True,논리 버전 하나로 연결하고 출처 발생 경로 보존,sources/raw/guidelines/sources/university_guidelines/archive/GUIDE-7885026A319F/versions/2018-09-10_1019152/full_text/학생부종합전형 사정위원회 운영 지침(2018.9.10.지침 제177호).hwp
EXACT-df885770118c,GDL-be86f4cd3cbe,exact_duplicate,GDL-be86f4cd3cbe,True,논리 버전 하나로 연결하고 출처 발생 경로 보존,sources/raw/guidelines/sources/university_guidelines/current/국제교류본부/GUIDE-A280EC7C3BB8_KNUT 글로벌 인재 연수 프로그램 운영지침/신구조문대비표.hwp
EXACT-df885770118c,GDL-be86f4cd3cbe,exact_duplicate,GDL-be86f4cd3cbe,True,논리 버전 하나로 연결하고 출처 발생 경로 보존,sources/raw/guidelines/sources/university_guidelines/archive/GUIDE-A280EC7C3BB8/versions/2021-12-07_1047443/comparison_table/신구조문대비표.hwp
EXACT-dff5e2f93a7d,GDL-cc6c7f3a04fa,exact_duplicate,GDL-cc6c7f3a04fa,True,논리 버전 하나로 연결하고 출처 발생 경로 보존,sources/raw/guidelines/sources/university_guidelines/archive/GUIDE-955E50C41ABD/versions/2022-09-07_1054450/full_text/한국교통대학교 산학협력단 부속기관 설치·운영 지침(2022.09.07. 지침 제445호).hwp
EXACT-e0cce0ad7772,GDL-d795ba5c8eb7,exact_duplicate,GDL-d795ba5c8eb7,True,논리 버전 하나로 연결하고 출처 발생 경로 보존,"sources/raw/guidelines/sources/university_guidelines/current/기획과/GUIDE-92250445BD02_행정조직 팀제 운영지침 ,/국립한국교통대학교 행정조직 팀제 운영지침 일부개정(지침 제569호2024.9.9).hwp"
EXACT-e0cce0ad7772,GDL-d795ba5c8eb7,exact_duplicate,GDL-d795ba5c8eb7,True,논리 버전 하나로 연결하고 출처 발생 경로 보존,sources/raw/guidelines/sources/university_guidelines/archive/GUIDE-92250445BD02/versions/2024-09-09_1073407/other/국립한국교통대학교 행정조직 팀제 운영지침 일부개정(지침 제569호2024.9.9).hwp
EXACT-e12ea1afbbda,GDL-cc6c7f3a04fa,exact_duplicate,GDL-cc6c7f3a04fa,True,논리 버전 하나로 연결하고 출처 발생 경로 보존,sources/raw/guidelines/sources/university_guidelines/archive/GUIDE-955E50C41ABD/versions/2022-08-01_1053536/other/한국교통대학교 산학협력단 부속기관 설치·운영 지침 일부개정(지침 제439번 2022.08.01.).hwp
EXACT-e17d863dab5f,GDL-d24445499d21,exact_duplicate,GDL-d24445499d21,True,논리 버전 하나로 연결하고 출처 발생 경로 보존,sources/raw/guidelines/sources/university_guidelines/archive/GUIDE-85C016CB41CA/versions/2020-01-22_1029871/full_text/한국교통대학교 강의 관리 지침 일부 개정(제245호).hwp
EXACT-e2dfce61ac96,GDL-b2e69b89f754,exact_duplicate,GDL-b2e69b89f754,True,논리 버전 하나로 연결하고 출처 발생 경로 보존,sources/raw/guidelines/sources/university_guidelines/archive/GUIDE-85D7B765E265/versions/2017-03-29_1007574/full_text/전임교원 강의책임시간 감면지침.hwp
EXACT-e30548bc6165,GDL-2c23d25ff6f2,exact_duplicate,GDL-2c23d25ff6f2,True,논리 버전 하나로 연결하고 출처 발생 경로 보존,sources/raw/guidelines/sources/university_guidelines/current/산학협력단/GUIDE-5DBBB3362068_연구과제 등 신청 활성화 지원 지침/5. 국립한국교통대학교 연구과제 등 신청 활성화 지원 지침_543호.hwp
EXACT-e30548bc6165,GDL-2c23d25ff6f2,exact_duplicate,GDL-2c23d25ff6f2,True,논리 버전 하나로 연결하고 출처 발생 경로 보존,sources/raw/guidelines/sources/university_guidelines/archive/GUIDE-5DBBB3362068/versions/2024-05-09_1069413/full_text/5. 국립한국교통대학교 연구과제 등 신청 활성화 지원 지침_543호.hwp
EXACT-e3089a4b6a1e,GDL-0c771279d934,exact_duplicate,GDL-0c771279d934,True,논리 버전 하나로 연결하고 출처 발생 경로 보존,sources/raw/guidelines/sources/university_guidelines/current/전산정보원/GUIDE-D4EBF0182703_소프트웨어 관리 지침/소프트웨어 관리 지침_394호.hwp
EXACT-e3089a4b6a1e,GDL-0c771279d934,exact_duplicate,GDL-0c771279d934,True,논리 버전 하나로 연결하고 출처 발생 경로 보존,sources/raw/guidelines/sources/university_guidelines/archive/GUIDE-D4EBF0182703/versions/2021-10-28_1046531/full_text/소프트웨어 관리 지침_394호.hwp
EXACT-e3e75fd8bf6d,GDL-551547513a25,exact_duplicate,GDL-551547513a25,True,논리 버전 하나로 연결하고 출처 발생 경로 보존,sources/raw/guidelines/sources/university_guidelines/current/교직부/GUIDE-80893EF4E36A_교직부 운영지침/교직부 운영 지침.hwp
EXACT-e3e75fd8bf6d,GDL-551547513a25,exact_duplicate,GDL-551547513a25,True,논리 버전 하나로 연결하고 출처 발생 경로 보존,sources/raw/guidelines/sources/university_guidelines/archive/GUIDE-80893EF4E36A/versions/2021-06-11_1043046/full_text/교직부 운영 지침.hwp
EXACT-e3eb1677604c,GDL-cc6c7f3a04fa,exact_duplicate,GDL-cc6c7f3a04fa,True,논리 버전 하나로 연결하고 출처 발생 경로 보존,sources/raw/guidelines/sources/university_guidelines/archive/GUIDE-B0BED12911DA/versions/2024-03-28_1068176/full_text/국립한국교통대학교 산학협력단 부속기관 설치·운영 지침(2024.03.28 제530호).hwp
EXACT-e4379ed24bd4,GDL-b784a269717a,exact_duplicate,GDL-b784a269717a,True,논리 버전 하나로 연결하고 출처 발생 경로 보존,sources/raw/guidelines/sources/university_guidelines/archive/GUIDE-911CEE87686F/versions/2016-11-23_5132/full_text/한국교통대학교 교직원 행동강령 지침(2016.11.23.시행).hwp
EXACT-e5a7c2f548c9,GDL-6dd2b91970fb,exact_duplicate,GDL-6dd2b91970fb,True,논리 버전 하나로 연결하고 출처 발생 경로 보존,sources/raw/guidelines/sources/university_guidelines/current/홍보실/GUIDE-2E0AA7A18954_언론보도자료 배포 지침/언론보도자료 배포 지침.hwp
EXACT-e5a7c2f548c9,GDL-6dd2b91970fb,exact_duplicate,GDL-6dd2b91970fb,True,논리 버전 하나로 연결하고 출처 발생 경로 보존,sources/raw/guidelines/sources/university_guidelines/archive/GUIDE-2E0AA7A18954/versions/2020-04-17_1032313/full_text/언론보도자료 배포 지침.hwp
EXACT-e5db43a2c9c8,GDL-d3277ff19980,exact_duplicate,GDL-d3277ff19980,True,논리 버전 하나로 연결하고 출처 발생 경로 보존,sources/raw/guidelines/sources/university_guidelines/archive/GUIDE-013DFECC88F6/versions/2020-12-21_1038131/full_text/한국교통대학교 교육과정 편성지침.hwp
EXACT-e653ab67952b,GDL-48ba591d5864,exact_duplicate,GDL-48ba591d5864,True,논리 버전 하나로 연결하고 출처 발생 경로 보존,sources/raw/guidelines/sources/university_guidelines/current/학사관리과/GUIDE-954441036B94_사이버강좌 운영지침/사이버강좌 운영지침(2018.1.30)-제157호.hwp
EXACT-e653ab67952b,GDL-48ba591d5864,exact_duplicate,GDL-48ba591d5864,True,논리 버전 하나로 연결하고 출처 발생 경로 보존,sources/raw/guidelines/sources/university_guidelines/archive/GUIDE-954441036B94/versions/2018-01-30_1014270/full_text/사이버강좌 운영지침(2018.1.30)-제157호.hwp
EXACT-e73662c5bd5b,GDL-343e3affdf72,exact_duplicate,GDL-343e3affdf72,True,논리 버전 하나로 연결하고 출처 발생 경로 보존,sources/raw/guidelines/sources/university_guidelines/archive/GUIDE-7E539D053E6C/versions/2023-01-03_1058084/full_text/한국교통대학교 교양교육과정 편성지침(2023.1.3).hwp
EXACT-e7a70be99749,GDL-68ea985fd1a6,exact_duplicate,GDL-68ea985fd1a6,True,논리 버전 하나로 연결하고 출처 발생 경로 보존,sources/raw/guidelines/sources/university_guidelines/archive/GUIDE-8A7BBA163E77/versions/2021-01-07_1038737/other/재정지원사업 통합운영위원회 지침 일부개정(제326호 2021.1.7.).hwp
EXACT-e839f3c628e9,GDL-980f83f6be16,exact_duplicate,GDL-980f83f6be16,True,논리 버전 하나로 연결하고 출처 발생 경로 보존,sources/raw/guidelines/sources/university_guidelines/archive/GUIDE-6656A1106012/versions/2021-05-25_1042838/amendment_reason/한국교통대학교 가족회사규정 세부운영지침(지침 제364호) 개정사유.hwp
EXACT-e8855d644914,GDL-def4cb27d978,exact_duplicate,GDL-def4cb27d978,True,논리 버전 하나로 연결하고 출처 발생 경로 보존,sources/raw/guidelines/sources/university_guidelines/current/기획과/GUIDE-19AA0C0541F0_정책 연구과제 관리 지침/국립한국교통대학교 정책연구과제관리지침 (24.06).hwp
EXACT-e8855d644914,GDL-def4cb27d978,exact_duplicate,GDL-def4cb27d978,True,논리 버전 하나로 연결하고 출처 발생 경로 보존,sources/raw/guidelines/sources/university_guidelines/archive/GUIDE-19AA0C0541F0/versions/2024-06-11_1071233/full_text/국립한국교통대학교 정책연구과제관리지침 (24.06).hwp
EXACT-e89f0da5ccc5,GDL-0576adbd2b2d,exact_duplicate,GDL-0576adbd2b2d,True,논리 버전 하나로 연결하고 출처 발생 경로 보존,sources/raw/guidelines/sources/university_guidelines/current/학생과/GUIDE-8B69EB9DD536_학생 단체 활동에 관한 지침/한국교통대학교 학생 단체 활동에 관한 지침.hwp
EXACT-e89f0da5ccc5,GDL-0576adbd2b2d,exact_duplicate,GDL-0576adbd2b2d,True,논리 버전 하나로 연결하고 출처 발생 경로 보존,sources/raw/guidelines/sources/university_guidelines/archive/GUIDE-8B69EB9DD536/versions/2020-04-16_1032307/full_text/한국교통대학교 학생 단체 활동에 관한 지침.hwp
EXACT-e8a5f4b8f25b,GDL-d795ba5c8eb7,exact_duplicate,GDL-d795ba5c8eb7,True,논리 버전 하나로 연결하고 출처 발생 경로 보존,sources/raw/guidelines/sources/university_guidelines/archive/GUIDE-0569F1E586C1/versions/2024-03-20_1068042/other/한국교통대학교 행정조직 팀제 운영지침 일부개정(2024. 3. 20. 지침 제528호).hwp
EXACT-e976de78472d,GDL-c8bb0f2bbf5c,exact_duplicate,GDL-c8bb0f2bbf5c,True,논리 버전 하나로 연결하고 출처 발생 경로 보존,sources/raw/guidelines/sources/university_guidelines/current/의왕생활관/GUIDE-FC7E9F7CF515_의왕생활관 숙박시설 관리운영지침/의왕생활관 숙박시설 관리운영지침.hwp
EXACT-e976de78472d,GDL-c8bb0f2bbf5c,exact_duplicate,GDL-c8bb0f2bbf5c,True,논리 버전 하나로 연결하고 출처 발생 경로 보존,sources/raw/guidelines/sources/university_guidelines/archive/GUIDE-FC7E9F7CF515/versions/2025-08-06_1081363/full_text/의왕생활관 숙박시설 관리운영지침.hwp
EXACT-e97d7e4ce573,GDL-c1e3e6bf93e7,exact_duplicate,GDL-c1e3e6bf93e7,True,논리 버전 하나로 연결하고 출처 발생 경로 보존,sources/raw/guidelines/sources/university_guidelines/archive/GUIDE-51C0961F9EE0/versions/2022-04-05_1050996/amendment_text/한국교통대학교 대학혁신지원사업 관리 운영 지침 전부개정안.hwp
EXACT-e9e49071d847,GDL-223b8e896d21,exact_duplicate,GDL-223b8e896d21,True,논리 버전 하나로 연결하고 출처 발생 경로 보존,sources/raw/guidelines/sources/university_guidelines/current/미래융합대학/GUIDE-5EFABBDC17E5__대학의 평생교육체제 지원사업 운영 지침_ 일부/한국교통대학교 대학의 평생교육체제 지원 사업 운영 지침(최종본).hwp
EXACT-e9e49071d847,GDL-223b8e896d21,exact_duplicate,GDL-223b8e896d21,True,논리 버전 하나로 연결하고 출처 발생 경로 보존,sources/raw/guidelines/sources/university_guidelines/archive/GUIDE-5EFABBDC17E5/versions/2022-01-20_1048888/full_text/한국교통대학교 대학의 평생교육체제 지원 사업 운영 지침(최종본).hwp
EXACT-ea2425d5ea4f,GDL-3f9d53300aa3,exact_duplicate,GDL-3f9d53300aa3,True,논리 버전 하나로 연결하고 출처 발생 경로 보존,sources/raw/guidelines/sources/university_guidelines/current/산학협력단/GUIDE-ABD0978DBA24_산학협력단 취업규칙/한국교통대학교 산학협력단 취업규칙(2020.07.20.).hwp
EXACT-ea2425d5ea4f,GDL-3f9d53300aa3,exact_duplicate,GDL-3f9d53300aa3,True,논리 버전 하나로 연결하고 출처 발생 경로 보존,sources/raw/guidelines/sources/university_guidelines/archive/GUIDE-ABD0978DBA24/versions/2020-07-20_1034297/full_text/한국교통대학교 산학협력단 취업규칙(2020.07.20.).hwp
EXACT-ea89c42ca561,GDL-1be5fd553aef,exact_duplicate,GDL-1be5fd553aef,True,논리 버전 하나로 연결하고 출처 발생 경로 보존,sources/raw/guidelines/sources/university_guidelines/current/총무과/GUIDE-6D7ECCEAD8DC_공무원 행동강령/한국교통대학교 공무원 행동강령 지침.hwp
EXACT-ea89c42ca561,GDL-1be5fd553aef,exact_duplicate,GDL-1be5fd553aef,True,논리 버전 하나로 연결하고 출처 발생 경로 보존,sources/raw/guidelines/sources/university_guidelines/archive/GUIDE-6D7ECCEAD8DC/versions/2016-04-11_5108/full_text/한국교통대학교 공무원 행동강령 지침.hwp
EXACT-eace5270d931,GDL-1cb62403f911,exact_duplicate,GDL-1cb62403f911,True,논리 버전 하나로 연결하고 출처 발생 경로 보존,sources/raw/guidelines/sources/university_guidelines/archive/GUIDE-40B3417856BD/versions/2022-04-21_1051389/full_text/한국교통대학교 공무원 인사 지침(2022.4.21.공포 지침제425호).hwp
EXACT-ebaf1e6de567,GDL-48778f914b35,exact_duplicate,GDL-48778f914b35,True,논리 버전 하나로 연결하고 출처 발생 경로 보존,sources/raw/guidelines/sources/university_guidelines/archive/GUIDE-6BBEE6543AB2/versions/2025-04-01_1078475/full_text/국립한국교통대학교 총학생회 회칙 전문(2025.04.01. 전학대회 개정).hwp
EXACT-ebb1ab530b36,GDL-dcaefd108417,exact_duplicate,GDL-dcaefd108417,True,논리 버전 하나로 연결하고 출처 발생 경로 보존,sources/raw/guidelines/sources/university_guidelines/current/창업지원·교육센터/GUIDE-260ACE0F43D9_KNUT창업진흥위원회 구성 및 운영지침/★ 한국교통대학교 KNUT창업진흥위원회 구성 및 운영지침(2022.07.25. 지침 제438호).hwp
EXACT-ebb1ab530b36,GDL-dcaefd108417,exact_duplicate,GDL-dcaefd108417,True,논리 버전 하나로 연결하고 출처 발생 경로 보존,sources/raw/guidelines/sources/university_guidelines/archive/GUIDE-260ACE0F43D9/versions/2022-07-25_1053245/full_text/★ 한국교통대학교 KNUT창업진흥위원회 구성 및 운영지침(2022.07.25. 지침 제438호).hwp
EXACT-ebf1cfa47c6d,GDL-d795ba5c8eb7,exact_duplicate,GDL-d795ba5c8eb7,True,논리 버전 하나로 연결하고 출처 발생 경로 보존,sources/raw/guidelines/sources/university_guidelines/archive/GUIDE-0569F1E586C1/versions/2023-08-14_1062568/other/한국교통대학교 행정조직 팀제 운영지침 일부개정(2023.8.14. 지침 제 497호).hwp
EXACT-ec1a5cd4ce96,GDL-dcfb5c6b041a,exact_duplicate,GDL-dcfb5c6b041a,True,논리 버전 하나로 연결하고 출처 발생 경로 보존,sources/raw/guidelines/sources/university_guidelines/current/LINC+사업단/GUIDE-4ABD59BD58A1_기업지원센터 운영지침/기업지원센터 운영 지침 제정(안).hwp
EXACT-ec1a5cd4ce96,GDL-dcfb5c6b041a,exact_duplicate,GDL-dcfb5c6b041a,True,논리 버전 하나로 연결하고 출처 발생 경로 보존,sources/raw/guidelines/sources/university_guidelines/archive/GUIDE-4ABD59BD58A1/versions/2019-12-11_1031273/full_text/기업지원센터 운영 지침 제정(안).hwp
EXACT-ec68bd8ac916,GDL-d24445499d21,exact_duplicate,GDL-d24445499d21,True,논리 버전 하나로 연결하고 출처 발생 경로 보존,sources/raw/guidelines/sources/university_guidelines/archive/GUIDE-85C016CB41CA/versions/2019-02-27_1023286/comparison_table/강의관리지침 일부 개정(신구조문대비표).hwp
EXACT-ec90f6eb8abb,GDL-343e3affdf72,exact_duplicate,GDL-343e3affdf72,True,논리 버전 하나로 연결하고 출처 발생 경로 보존,sources/raw/guidelines/sources/university_guidelines/archive/GUIDE-7E539D053E6C/versions/2026-01-02_1085203/full_text/국립한국교통대학교 교양교육과정 편성지침(2026.1.2. 지침 제638호).hwp
EXACT-ed1ffc91c6b1,GDL-f2f8b1295412,exact_duplicate,GDL-f2f8b1295412,True,논리 버전 하나로 연결하고 출처 발생 경로 보존,sources/raw/guidelines/sources/university_guidelines/current/학생과/GUIDE-D2124BB316B4_학생자치기구 선거 시행세칙/국립한국교통대학교 학생자치기구 선거 시행세칙 전문(2026.02.02.개정안).hwp
EXACT-ed1ffc91c6b1,GDL-f2f8b1295412,exact_duplicate,GDL-f2f8b1295412,True,논리 버전 하나로 연결하고 출처 발생 경로 보존,sources/raw/guidelines/sources/university_guidelines/archive/GUIDE-D2124BB316B4/versions/2026-02-02_1086137/full_text/국립한국교통대학교 학생자치기구 선거 시행세칙 전문(2026.02.02.개정안).hwp
EXACT-ee9c8d320768,GDL-0c3ec602e7e5,exact_duplicate,GDL-0c3ec602e7e5,True,논리 버전 하나로 연결하고 출처 발생 경로 보존,"sources/raw/guidelines/sources/university_guidelines/current/학사관리과/GUIDE-D8D1CD148486_자유전공학부 학과, 전공 배정 지침 일부/국립한국교통대학교 자유전공학부 배정지침 일부개정(안).hwp"
EXACT-ee9c8d320768,GDL-0c3ec602e7e5,exact_duplicate,GDL-0c3ec602e7e5,True,논리 버전 하나로 연결하고 출처 발생 경로 보존,sources/raw/guidelines/sources/university_guidelines/archive/GUIDE-D8D1CD148486/versions/2025-06-23_1080235/other/국립한국교통대학교 자유전공학부 배정지침 일부개정(안).hwp
EXACT-eeea673fccd0,GDL-4cca76bcc4ce,exact_duplicate,GDL-4cca76bcc4ce,True,논리 버전 하나로 연결하고 출처 발생 경로 보존,sources/raw/guidelines/sources/university_guidelines/archive/GUIDE-A6F09F22A73A/versions/2015-04-23_5089/full_text/교육공무원 복무처리 요령(전문)_20140711.hwp
EXACT-efa45784e8da,GDL-fc7689b992f3,exact_duplicate,GDL-fc7689b992f3,True,논리 버전 하나로 연결하고 출처 발생 경로 보존,sources/raw/guidelines/sources/university_guidelines/current/미래융합대학/GUIDE-013BFA0A6D8D_미래융합대학 교양교육과정 편성지침/한국교통대학교 미래융합대학 교양교육과정 편성지침 개정(안)(2022.-.-).hwp
EXACT-efa45784e8da,GDL-fc7689b992f3,exact_duplicate,GDL-fc7689b992f3,True,논리 버전 하나로 연결하고 출처 발생 경로 보존,sources/raw/guidelines/sources/university_guidelines/archive/GUIDE-013BFA0A6D8D/versions/2022-11-18_1056706/full_text/한국교통대학교 미래융합대학 교양교육과정 편성지침 개정(안)(2022.-.-).hwp
EXACT-efb80d0d4246,GDL-e01614559c72,exact_duplicate,GDL-e01614559c72,True,논리 버전 하나로 연결하고 출처 발생 경로 보존,sources/raw/guidelines/sources/university_guidelines/archive/GUIDE-48DADF790C0F/versions/2020-12-31_1038419/full_text/대학 발전계획 등 성과관리 지침 폐지.hwp
EXACT-effa1df5b372,GDL-828bed4b143d,exact_duplicate,GDL-828bed4b143d,True,논리 버전 하나로 연결하고 출처 발생 경로 보존,sources/raw/guidelines/sources/university_guidelines/current/산학협력단/GUIDE-F76695C72C7D_산학협력단 위임전결지침/12-산학협력단위임전결지침.hwp
EXACT-effa1df5b372,GDL-828bed4b143d,exact_duplicate,GDL-828bed4b143d,True,논리 버전 하나로 연결하고 출처 발생 경로 보존,sources/raw/guidelines/sources/university_guidelines/archive/GUIDE-F76695C72C7D/versions/2015-04-20_5072/full_text/12-산학협력단위임전결지침.hwp
EXACT-f07a398292e0,GDL-67f31fdb7fc8,exact_duplicate,GDL-67f31fdb7fc8,True,논리 버전 하나로 연결하고 출처 발생 경로 보존,sources/raw/guidelines/sources/university_guidelines/archive/GUIDE-CB4C01F6F50F/versions/2022-12-28_1057827/full_text/1 한국교통대학교 학과평가 지침 제464호_20221228.hwp
EXACT-f0a129545da4,GDL-52ec0373b344,exact_duplicate,GDL-52ec0373b344,True,논리 버전 하나로 연결하고 출처 발생 경로 보존,sources/raw/guidelines/sources/university_guidelines/current/철도HRD센터/GUIDE-DAF5A165E7DD_철도HRD센터 운영지침/국립한국교통대학교 철도HRD센터 운영지침(2024.5.16. 제550호).hwp
EXACT-f0a129545da4,GDL-52ec0373b344,exact_duplicate,GDL-52ec0373b344,True,논리 버전 하나로 연결하고 출처 발생 경로 보존,sources/raw/guidelines/sources/university_guidelines/archive/GUIDE-DAF5A165E7DD/versions/2024-05-16_1069724/full_text/국립한국교통대학교 철도HRD센터 운영지침(2024.5.16. 제550호).hwp
EXACT-f0b9d576cc9d,GDL-90f9dfe2a532,exact_duplicate,GDL-90f9dfe2a532,True,논리 버전 하나로 연결하고 출처 발생 경로 보존,sources/raw/guidelines/sources/university_guidelines/archive/GUIDE-FDA61F112749/versions/2019-08-14_1026920/comparison_table/신구조문대비표(연구소 설립 운영에 관한 지침).hwp
EXACT-f0e6d8496709,GDL-fa4e6c45fa6c,exact_duplicate,GDL-fa4e6c45fa6c,True,논리 버전 하나로 연결하고 출처 발생 경로 보존,sources/raw/guidelines/sources/university_guidelines/archive/GUIDE-577F3162A077/versions/2018-07-10_1017928/full_text/한국교통대학교 국립대학 육성사업 관리 운영 지침(2018. 7. 10. 지침 제173호).hwp
EXACT-f1467616fbaf,GDL-8a5eb241529c,exact_duplicate,GDL-8a5eb241529c,True,논리 버전 하나로 연결하고 출처 발생 경로 보존,sources/raw/guidelines/sources/university_guidelines/current/산학협력단/GUIDE-8D39760E2BB7_지식재산권에관형규정 시행지침/1-지식재산권규정시행지침(2007-10-08).hwp
EXACT-f1467616fbaf,GDL-8a5eb241529c,exact_duplicate,GDL-8a5eb241529c,True,논리 버전 하나로 연결하고 출처 발생 경로 보존,sources/raw/guidelines/sources/university_guidelines/archive/GUIDE-8D39760E2BB7/versions/2007-10-08_5062/full_text/1-지식재산권규정시행지침(2007-10-08).hwp
EXACT-f32c902be890,GDL-7de67b55727c,exact_duplicate,GDL-7de67b55727c,True,논리 버전 하나로 연결하고 출처 발생 경로 보존,sources/raw/guidelines/sources/university_guidelines/archive/GUIDE-69E031E39ED6/versions/2019-07-26_1026221/full_text/한국교통대학교 시설물 사용료 징수지침(지침212호 2019.7.26.).hwp
EXACT-f3451183ec91,GDL-68ea985fd1a6,exact_duplicate,GDL-68ea985fd1a6,True,논리 버전 하나로 연결하고 출처 발생 경로 보존,sources/raw/guidelines/sources/university_guidelines/archive/GUIDE-8A7BBA163E77/versions/2022-04-05_1050995/amendment_text/재정지원사업 통합운영위원회 지침 전부개정안.hwp
EXACT-f34834b99ce6,GDL-7664619720cc,exact_duplicate,GDL-7664619720cc,True,논리 버전 하나로 연결하고 출처 발생 경로 보존,sources/raw/guidelines/sources/university_guidelines/current/미래융합대학/GUIDE-CD80FC6243BB_미래융합대학 학습경험인정에 관한 지침/미래융합대학 학습경험인정에 관한 지침(제328호).hwp
EXACT-f34834b99ce6,GDL-7664619720cc,exact_duplicate,GDL-7664619720cc,True,논리 버전 하나로 연결하고 출처 발생 경로 보존,sources/raw/guidelines/sources/university_guidelines/archive/GUIDE-CD80FC6243BB/versions/2021-01-08_1038784/full_text/미래융합대학 학습경험인정에 관한 지침(제328호).hwp
EXACT-f350cc7d2918,GDL-0aa3966ebd43,exact_duplicate,GDL-0aa3966ebd43,True,논리 버전 하나로 연결하고 출처 발생 경로 보존,sources/raw/guidelines/sources/university_guidelines/archive/GUIDE-0D9AE746E198/versions/2022-05-31_1052066/full_text/원격수업 운영지침 일부 개정(2022.5.31. 지침 제429호).hwp
EXACT-f3d1062411b2,GDL-785714812205,exact_duplicate,GDL-785714812205,True,논리 버전 하나로 연결하고 출처 발생 경로 보존,sources/raw/guidelines/sources/university_guidelines/archive/GUIDE-11E30871B512/versions/2025-06-09_1080137/full_text/1. 한국교통대학교 Bio-PRIDE 공유대학 공동교육과정 마이크로전공 운영 지침 폐지_2025.6.9. 제610호.hwp
EXACT-f46aaef60ea8,GDL-aaea1d409b71,exact_duplicate,GDL-aaea1d409b71,True,논리 버전 하나로 연결하고 출처 발생 경로 보존,sources/raw/guidelines/sources/university_guidelines/current/학생과/GUIDE-46186EC0BDA5_사회봉사단운영지침/한국교통대학교 사회봉사단 운영지침_2012.3.2.hwp
EXACT-f46aaef60ea8,GDL-aaea1d409b71,exact_duplicate,GDL-aaea1d409b71,True,논리 버전 하나로 연결하고 출처 발생 경로 보존,sources/raw/guidelines/sources/university_guidelines/archive/GUIDE-46186EC0BDA5/versions/2012-03-02_5087/full_text/한국교통대학교 사회봉사단 운영지침_2012.3.2.hwp
EXACT-f4b5c9817659,GDL-6bd7784ee4f0,exact_duplicate,GDL-6bd7784ee4f0,True,논리 버전 하나로 연결하고 출처 발생 경로 보존,sources/raw/guidelines/sources/university_guidelines/current/제2행정실/GUIDE-9DDD5E097E93_대학원 공동·복수학위과정 운영 지침/한국교통대학교 대학원 공동복수학위과정 운영지침(2020.08.05 지침제284호).hwp
EXACT-f4b5c9817659,GDL-6bd7784ee4f0,exact_duplicate,GDL-6bd7784ee4f0,True,논리 버전 하나로 연결하고 출처 발생 경로 보존,sources/raw/guidelines/sources/university_guidelines/archive/GUIDE-9DDD5E097E93/versions/2020-08-05_1034591/full_text/한국교통대학교 대학원 공동복수학위과정 운영지침(2020.08.05 지침제284호).hwp
EXACT-f5165673a131,GDL-bb497867e58f,exact_duplicate,GDL-bb497867e58f,True,논리 버전 하나로 연결하고 출처 발생 경로 보존,sources/raw/guidelines/sources/university_guidelines/current/학사관리과/GUIDE-B1A3D2F82544_교육과정 인증에 관한 운영 지침/한국교통대학교 교육과정 인증에 관한 운영 지침.hwp
EXACT-f5165673a131,GDL-bb497867e58f,exact_duplicate,GDL-bb497867e58f,True,논리 버전 하나로 연결하고 출처 발생 경로 보존,sources/raw/guidelines/sources/university_guidelines/archive/GUIDE-B1A3D2F82544/versions/2020-12-24_1038278/full_text/한국교통대학교 교육과정 인증에 관한 운영 지침.hwp
EXACT-f574e7ae2428,GDL-d795ba5c8eb7,exact_duplicate,GDL-d795ba5c8eb7,True,논리 버전 하나로 연결하고 출처 발생 경로 보존,sources/raw/guidelines/sources/university_guidelines/archive/GUIDE-0569F1E586C1/versions/2022-08-11_1059454/other/한국교통대학교 행정조직 팀제 운영지침 일부개정(2022. 8. 11. 지침 제442호).hwp
EXACT-f5a772172f28,GDL-1cb62403f911,exact_duplicate,GDL-1cb62403f911,True,논리 버전 하나로 연결하고 출처 발생 경로 보존,sources/raw/guidelines/sources/university_guidelines/archive/GUIDE-40B3417856BD/versions/2024-02-01_1066751/other/국립한국교통대학교 공무원 인사 지침(2024.2.1.일부개정 지침 제523호).hwp
EXACT-f73437c80f9f,GDL-b2e69b89f754,exact_duplicate,GDL-b2e69b89f754,True,논리 버전 하나로 연결하고 출처 발생 경로 보존,sources/raw/guidelines/sources/university_guidelines/archive/GUIDE-489D1123DCFE/versions/2021-01-12_1038824/other/한국교통대학교 전임교원 강의 책임시간 감면 지침 일부개정(지침 제329호).hwp
EXACT-f81fc0f1f042,GDL-55ec12c3354d,exact_duplicate,GDL-55ec12c3354d,True,논리 버전 하나로 연결하고 출처 발생 경로 보존,sources/raw/guidelines/sources/university_guidelines/archive/GUIDE-83E3D40CA710/versions/2021-05-01_1042067/full_text/한국교통대학교 대학회계직원 인사운영 지침(2021.5.1. 지침 제361호).hwp
EXACT-f8c52f8c18d4,GDL-8b91707d85dd,exact_duplicate,GDL-8b91707d85dd,True,논리 버전 하나로 연결하고 출처 발생 경로 보존,sources/raw/guidelines/sources/university_guidelines/archive/GUIDE-ED07F00EEE2E/versions/2021-02-26_1040741/full_text/(지침 제345호)원격수업 운영지침.hwp
EXACT-f969ae58892c,GDL-7264f315e220,exact_duplicate,GDL-7264f315e220,True,논리 버전 하나로 연결하고 출처 발생 경로 보존,sources/raw/guidelines/sources/university_guidelines/current/학사관리과/GUIDE-60FEEB280377_자유전공학부 학과 전공 배정 지침/한국교통대학교 자유전공학부 학과(전공)배정 지침(2021.11.29. 지침 제399호).hwp
EXACT-f969ae58892c,GDL-7264f315e220,exact_duplicate,GDL-7264f315e220,True,논리 버전 하나로 연결하고 출처 발생 경로 보존,sources/raw/guidelines/sources/university_guidelines/archive/GUIDE-60FEEB280377/versions/2021-11-29_1047228/full_text/한국교통대학교 자유전공학부 학과(전공)배정 지침(2021.11.29. 지침 제399호).hwp
EXACT-f9a53c76f603,GDL-343e3affdf72,exact_duplicate,GDL-343e3affdf72,True,논리 버전 하나로 연결하고 출처 발생 경로 보존,sources/raw/guidelines/sources/university_guidelines/archive/GUIDE-7E539D053E6C/versions/2019-07-10_1025833/other/한국교통대학교 교양교육과정 편성지침 일부개정.hwp
EXACT-f9d833ae7819,GDL-9c9e3914231c,exact_duplicate,GDL-9c9e3914231c,True,논리 버전 하나로 연결하고 출처 발생 경로 보존,sources/raw/guidelines/sources/university_guidelines/archive/GUIDE-DC9C3ACD4CAC/versions/2019-03-18_1023710/full_text/증평생활관 관생선발에 관한 지침(2019. 3.18. 제192호).hwp
EXACT-fa6678e5c680,GDL-fa4e6c45fa6c,exact_duplicate,GDL-fa4e6c45fa6c,True,논리 버전 하나로 연결하고 출처 발생 경로 보존,sources/raw/guidelines/sources/university_guidelines/archive/GUIDE-577F3162A077/versions/2020-07-16_1034083/full_text/한국교통대학교 국립대학 육성사업 관리 운영 지침(2020.07.16. 지침 제277호).hwp
EXACT-fab8584751fe,GDL-6dc05c000f58,exact_duplicate,GDL-6dc05c000f58,True,논리 버전 하나로 연결하고 출처 발생 경로 보존,sources/raw/guidelines/sources/university_guidelines/current/학사관리과/GUIDE-9258786A6ADA_학생 지도교수제 운영 지침/붙임1 학생 지도교수제 운영 지침.hwp
EXACT-fab8584751fe,GDL-6dc05c000f58,exact_duplicate,GDL-6dc05c000f58,True,논리 버전 하나로 연결하고 출처 발생 경로 보존,sources/raw/guidelines/sources/university_guidelines/archive/GUIDE-9258786A6ADA/versions/2017-08-31_1010786/full_text/붙임1 학생 지도교수제 운영 지침.hwp
EXACT-fbd5709ae809,GDL-dcb3f472fa4f,exact_duplicate,GDL-dcb3f472fa4f,True,논리 버전 하나로 연결하고 출처 발생 경로 보존,sources/raw/guidelines/sources/university_guidelines/current/국제교류본부/GUIDE-BA0462D1E8B7_국제교류본부 어학원 한국어과정 운영 지침/한국교통대학교 국제교류본부 어학원 한국어 과정 운영 지침.hwp
EXACT-fbd5709ae809,GDL-dcb3f472fa4f,exact_duplicate,GDL-dcb3f472fa4f,True,논리 버전 하나로 연결하고 출처 발생 경로 보존,sources/raw/guidelines/sources/university_guidelines/archive/GUIDE-BA0462D1E8B7/versions/2019-11-29_1034511/full_text/한국교통대학교 국제교류본부 어학원 한국어 과정 운영 지침.hwp
EXACT-fbf1e3214db8,GDL-7bba6eee1ee1,exact_duplicate,GDL-7bba6eee1ee1,True,논리 버전 하나로 연결하고 출처 발생 경로 보존,sources/raw/guidelines/sources/university_guidelines/current/LINC+사업단/GUIDE-21AC5FB3D588_산학혁신지원단 ICC운영지침/산학혁신지원단 ICC 운영지침 제정(안).hwp
EXACT-fbf1e3214db8,GDL-7bba6eee1ee1,exact_duplicate,GDL-7bba6eee1ee1,True,논리 버전 하나로 연결하고 출처 발생 경로 보존,sources/raw/guidelines/sources/university_guidelines/archive/GUIDE-21AC5FB3D588/versions/2019-10-01_1027755/full_text/산학혁신지원단 ICC 운영지침 제정(안).hwp
EXACT-fd0b5161cf99,GDL-49109ca05d8a,exact_duplicate,GDL-49109ca05d8a,True,논리 버전 하나로 연결하고 출처 발생 경로 보존,sources/raw/guidelines/sources/university_guidelines/archive/GUIDE-81AF4B6BA95B/versions/2021-04-08_1041455/full_text/철도차량운전면허센터 운영지침(폐지)제353호.hwp
EXACT-fd35b754339b,GDL-fb866888334d,exact_duplicate,GDL-fb866888334d,True,논리 버전 하나로 연결하고 출처 발생 경로 보존,sources/raw/guidelines/sources/university_guidelines/archive/GUIDE-44E52876592F/versions/2022-02-17_1050002/full_text/한국교통대학교 교육연구학생지도 비용 지급에 관한 지침_20220217.hwp
EXACT-fd7b43a48127,GDL-67f31fdb7fc8,exact_duplicate,GDL-67f31fdb7fc8,True,논리 버전 하나로 연결하고 출처 발생 경로 보존,sources/raw/guidelines/sources/university_guidelines/archive/GUIDE-9419508E3700/versions/2017-10-23_1011810/full_text/한국교통대학교 학과평가 지침(20171023).hwp
EXACT-fd7b8eb72a42,GDL-67f31fdb7fc8,exact_duplicate,GDL-67f31fdb7fc8,True,논리 버전 하나로 연결하고 출처 발생 경로 보존,"sources/raw/guidelines/sources/university_guidelines/current/기획과/GUIDE-CB4C01F6F50F_학과평가 지침 ,/1. 국립한국교통대학교 학과평가 지침 개정(안)_최종.hwp"
EXACT-fd7b8eb72a42,GDL-67f31fdb7fc8,exact_duplicate,GDL-67f31fdb7fc8,True,논리 버전 하나로 연결하고 출처 발생 경로 보존,sources/raw/guidelines/sources/university_guidelines/archive/GUIDE-CB4C01F6F50F/versions/2023-12-15_1065927/full_text/1. 국립한국교통대학교 학과평가 지침 개정(안)_최종.hwp
EXACT-fdd5d441ff43,GDL-88b3d97c4ff2,exact_duplicate,GDL-88b3d97c4ff2,True,논리 버전 하나로 연결하고 출처 발생 경로 보존,sources/raw/guidelines/sources/university_guidelines/archive/GUIDE-5CB19EFEA6BD/versions/2025-05-14_1079363/other/국립한국교통대학교 장학금 관리지침 일부개정(2025.5.14. 지침 제609호).hwp
EXACT-fe1515faa9e7,GDL-309d9ab0dc5a,exact_duplicate,GDL-309d9ab0dc5a,True,논리 버전 하나로 연결하고 출처 발생 경로 보존,sources/raw/guidelines/sources/university_guidelines/archive/GUIDE-A12FD1E1307D/versions/2021-01-11_1038849/full_text/한국교통대학교 졸업자격인증제 운영 지침(2021. 1. 11. 지침 제330호).hwp
EXACT-fe48848ddff3,GDL-48778f914b35,exact_duplicate,GDL-48778f914b35,True,논리 버전 하나로 연결하고 출처 발생 경로 보존,sources/raw/guidelines/sources/university_guidelines/archive/GUIDE-6BBEE6543AB2/versions/2025-11-30_1084289/full_text/국립한국교통대학교 총학생회 회칙 전문(2025.11.30.).hwp
EXACT-ff250a547654,GDL-551547513a25,exact_duplicate,GDL-551547513a25,True,논리 버전 하나로 연결하고 출처 발생 경로 보존,sources/raw/guidelines/sources/university_guidelines/archive/GUIDE-80893EF4E36A/versions/2020-09-09_1035510/full_text/[붙임1]교직부 운영 지침.hwp
EXACT-ffd842abbbf4,GDL-9ea0a942620d,exact_duplicate,GDL-9ea0a942620d,True,논리 버전 하나로 연결하고 출처 발생 경로 보존,sources/raw/guidelines/sources/university_guidelines/archive/GUIDE-1DD2A9DFBB31/versions/2024-03-28_1068201/full_text/3. 선행학습영향평가 위원회 지침(2024.3.28. 533호).pdf
EXACT-ffda60a97ece,GDL-c04f49d315f4,exact_duplicate,GDL-c04f49d315f4,True,논리 버전 하나로 연결하고 출처 발생 경로 보존,sources/raw/guidelines/sources/university_guidelines/current/교원인사팀/GUIDE-AEA00C225CDC_전임교원 신규채용 전형지침/한국교통대학교 전임교원 신규채용 전형지침(2019.8.23.지침제218호).hwp
EXACT-ffda60a97ece,GDL-c04f49d315f4,exact_duplicate,GDL-c04f49d315f4,True,논리 버전 하나로 연결하고 출처 발생 경로 보존,sources/raw/guidelines/sources/university_guidelines/archive/GUIDE-AEA00C225CDC/versions/2019-08-23_1027954/full_text/한국교통대학교 전임교원 신규채용 전형지침(2019.8.23.지침제218호).hwp
